기준연도,시군명,연령대,성별,결제건수,결제금액,결제취소건수,결제취소금액,1회평균결제금액
2023,가평군,10,남,8409,188845090,46,4871840,22457
2023,가평군,10,여,6584,176605435,68,1841390,26823
2023,가평군,20,남,70363,1545018255,728,37559999,21958
2023,가평군,20,여,55118,1332506645,681,27996349,24176
2023,가평군,30,남,110968,2682234965,1382,84476317,24171
2023,가평군,30,여,99493,2563403916,1230,54207827,25765
2023,가평군,40,남,167399,4188413440,1629,100770277,25021
2023,가평군,40,여,189169,4782432633,1909,77437079,25281
2023,가평군,50,남,190205,4879269120,1796,109244307,25653
2023,가평군,50,여,170268,4780308547,1587,83345676,28075
2023,가평군,60,남,152355,4134346549,1711,117406963,27136
2023,가평군,60,여,139833,3865390398,1455,78865713,27643
2023,가평군,70,남,48784,1409900715,680,55765030,28901
2023,가평군,70,여,33691,879713472,326,16688410,26111
2023,가평군,80,남,6836,197625456,77,4300360,28910
2023,가평군,80,여,4243,140084165,38,1567980,33015
2023,가평군,기타,-,91045,2592855508,682,30353005,28479
2023,고양시,10,남,80348,1551565824,348,15614255,19311
2023,고양시,10,여,81511,1638715029,460,21222796,20104
2023,고양시,20,남,620304,9383723031,3646,88401542,15128
2023,고양시,20,여,667522,11422122145,5067,135259815,17111
2023,고양시,30,남,479493,9357411531,2491,81666844,19515
2023,고양시,30,여,659449,15135019922,4346,178742391,22951
2023,고양시,40,남,791743,19760916918,4137,173208492,24959
2023,고양시,40,여,1110201,26524695442,6719,255538856,23892
2023,고양시,50,남,693793,13246234247,3453,103963707,19092
2023,고양시,50,여,777743,14576511726,5366,139013940,18742
2023,고양시,60,남,377377,6249814076,2042,44203936,16561
2023,고양시,60,여,347788,6338975847,2866,72208506,18227
2023,고양시,70,남,78932,1287157650,438,11284785,16307
2023,고양시,70,여,84154,1505759389,705,17338158,17893
2023,고양시,80대이상,남,17901,314668435,120,2806619,17578
2023,고양시,80대이상,여,17631,313498611,108,3484980,17781
2023,고양시,기타,-,18426,309697499,157,2476336,16808
2023,과천시,10,남,22766,513669271,88,6161480,22563
2023,과천시,10,여,17165,470718771,99,6398930,27423
2023,과천시,20,남,91106,1439339202,443,12439880,15799
2023,과천시,20,여,93546,1664463426,586,17897761,17793
2023,과천시,30,남,147593,2801833805,864,29099616,18984
2023,과천시,30,여,215049,4555421132,1436,54449428,21183
2023,과천시,40,남,212778,5847236129,1236,65183640,27480
2023,과천시,40,여,293082,7547659168,2015,96652806,25753
2023,과천시,50,남,164113,3562010888,984,32740411,21705
2023,과천시,50,여,216684,4490800324,1555,56005590,20725
2023,과천시,60,남,119960,2124716713,697,21562273,17712
2023,과천시,60,여,147242,2857915886,1265,35614908,19410
2023,과천시,70,남,31354,587902551,248,7228993,18750
2023,과천시,70,여,33196,679442668,284,9841440,20468
2023,과천시,80,남,8858,165821079,79,2109107,18720
2023,과천시,80,여,11282,208881861,81,1757101,18515
2023,과천시,기타,-,6619,103283636,68,1353470,15604
2023,광명시,10,남,65198,1765956765,301,20140011,27086
2023,광명시,10,여,67159,2026662983,388,27133571,30177
2023,광명시,20,남,282340,4684647536,2110,103305232,16592
2023,광명시,20,여,301842,5604552813,2258,92109871,18568
2023,광명시,30,남,490074,11795184064,5010,416413640,24068
2023,광명시,30,여,612977,16210634358,4747,300199580,26446
2023,광명시,40,남,851289,27444557085,7441,612080577,32239
2023,광명시,40,여,1195721,35080509033,8426,485433541,29338
2023,광명시,50,남,599090,13871049050,4166,279250365,23154
2023,광명시,50,여,639276,12947503185,4231,189997440,20253
2023,광명시,60,남,286019,5041076630,2061,111880565,17625
2023,광명시,60,여,362033,6756008301,2355,92526529,18661
2023,광명시,70,남,78219,1389895727,440,12215871,17769
2023,광명시,70,여,100978,1867303540,628,26742591,18492
2023,광명시,80대 이상,남,12968,230563965,75,2451285,17779
2023,광명시,80대 이상,여,14660,282590814,121,5640013,19276
2023,광명시,기타,-,263912,3893876498,1748,28339295,14754
2023,광주시,10,남,57186,1152084375,294,12306048,20146
2023,광주시,10,여,57202,1206077072,384,16099630,21085
2023,광주시,20,남,289010,5573549023,3088,186665248,19285
2023,광주시,20,여,285207,6209298618,3027,152067872,21771
2023,광주시,30,남,573504,13701606742,7366,576270613,23891
2023,광주시,30,여,771656,19271957151,7957,473006402,24975
2023,광주시,40,남,1113261,31169712640,11501,774923595,27999
2023,광주시,40,여,1401922,37933885092,12135,641139298,27058
2023,광주시,50,남,824556,20319249745,8406,566468062,24643
2023,광주시,50,여,868646,21092996247,8662,458813330,24283
2023,광주시,60,남,533569,12924744047,6927,493460493,24223
2023,광주시,60,여,577500,13833351457,6332,313727626,23954
2023,광주시,70,남,171976,4063928268,2271,146714643,23631
2023,광주시,70,여,185273,4168051927,1817,79724354,22497
2023,광주시,80대이상,남,34251,767079317,329,16380631,22396
2023,광주시,80대이상,여,31270,688195860,278,11745157,22008
2023,광주시,기타,-,77898,1894533584,567,20731567,24321
2023,구리시,10,남,31136,742094273,124,11566484,23834
2023,구리시,10,여,31384,823811619,180,8853738,26249
2023,구리시,20,남,209573,3218352057,989,21625471,15357
2023,구리시,20,여,208250,4107509806,1304,44134353,19724
2023,구리시,30,남,253572,5984824566,1359,72412263,23602
2023,구리시,30,여,379935,9933929773,2452,141788994,26146
2023,구리시,40,남,535541,17792013122,3051,197023542,33223
2023,구리시,40,여,867625,27286748457,5500,339569865,31450
2023,구리시,50,남,357993,9203810973,1768,87023651,25709
2023,구리시,50,여,431653,10351579496,2860,107901236,23981
2023,구리시,60,남,161070,3069612174,752,17719281,19058
2023,구리시,60,여,170431,3837005706,1261,39242776,22514
2023,구리시,70,남,34608,704535127,211,7366620,20358
2023,구리시,70,여,43549,997666810,329,14461471,22909
2023,구리시,80,남,6944,136134752,41,2190169,19605
2023,구리시,80,여,7217,150470366,55,760055,20849
2023,구리시,기타,-,4287,112000992,43,1348365,26126
2023,군포시,10,남,76770,1752566906,375,22216716,22829
2023,군포시,10,여,71898,1832333585,475,32143816,25485
2023,군포시,20,남,344381,5265046697,2170,94964861,15288
2023,군포시,20,여,345869,6172343395,2484,91679700,17846
2023,군포시,30,남,424234,8688709211,3658,235250426,20481
2023,군포시,30,여,523279,11421495566,3881,205857590,21827
2023,군포시,40,남,613408,16219670443,4520,276690916,26442
2023,군포시,40,여,958492,22899080769,6892,322551936,23891
2023,군포시,50,남,587998,12236025092,4163,230173861,20810
2023,군포시,50,여,853887,15541950447,6083,217281394,18201
2023,군포시,60,남,370080,6602783988,3008,145770493,17842
2023,군포시,60,여,558376,9564752871,4619,153155598,17130
2023,군포시,70,남,120742,2058204335,937,42134466,17046
2023,군포시,70,여,159486,2628235510,1329,40560711,16479
2023,군포시,80,남,26537,442375407,215,7454739,16670
2023,군포시,80,여,31887,527473820,227,6831914,16542
2023,군포시,기타,-,5469,82920786,62,1640722,15162
2023,김포시,10,남,49456,1450919752,198,12142385,29338
2023,김포시,10,여,62754,1783550018,255,15430773,28421
2023,김포시,20,남,246694,4620840097,1184,38245740,18731
2023,김포시,20,여,335650,6793438270,1796,67665568,20240
2023,김포시,30,남,416574,11967537269,1687,96391282,28728
2023,김포시,30,여,778568,24614795984,3106,218870171,31615
2023,김포시,40,남,693013,28815361879,2767,195664679,41580
2023,김포시,40,여,1147321,44830102859,5216,333884467,39074
2023,김포시,50,남,402978,11129409824,1426,69662957,27618
2023,김포시,50,여,548866,13686755612,2411,113067267,24936
2023,김포시,60,남,185466,4171889899,699,30003694,22494
2023,김포시,60,여,232976,5707032929,1236,51486390,24496
2023,김포시,70,남,50158,1147185600,261,12077342,22871
2023,김포시,70,여,52338,1349813801,346,17347845,25790
2023,김포시,80,남,8071,195085563,33,1803768,24171
2023,김포시,80,여,7571,201382760,38,1408498,26599
2023,김포시,기타,-,127115,3612355769,975,36271816,28418
2023,남양주시,10,남,120609,3223216438,468,23512466,26725
2023,남양주시,10,여,117555,3420842899,629,34039656,29100
2023,남양주시,20,남,554924,9394721535,2811,81687893,16930
2023,남양주시,20,여,586355,11422860896,4029,126277245,19481
2023,남양주시,30,남,663753,16060223328,3599,164017051,24196
2023,남양주시,30,여,1070790,29980702547,6845,354370426,27999
2023,남양주시,40,남,1378508,46827204598,7577,445501525,33969
2023,남양주시,40,여,2178160,69219398494,13455,711148651,31779
2023,남양주시,50,남,872129,21523196648,4155,166119355,24679
2023,남양주시,50,여,929344,21752473060,5899,196364515,23406
2023,남양주시,60,남,326450,6443127916,1667,50127361,19737
2023,남양주시,60,여,328452,7650894163,2592,93396698,23294
2023,남양주시,70,남,85478,1765933756,577,16634131,20660
2023,남양주시,70,여,95155,2262447381,683,26232088,23776
2023,남양주시,80,남,17597,376550825,82,2964906,21399
2023,남양주시,80,여,17716,375075142,151,3548793,21172
2023,동두천시,10,남,3900,106593854,23,415270,27332
2023,동두천시,10,여,5568,141038814,29,1797180,25330
2023,동두천시,20,남,62422,1216212431,755,38839668,19484
2023,동두천시,20,여,60770,1277408565,674,30788416,21020
2023,동두천시,30,남,75213,1932468677,1032,85718183,25693
2023,동두천시,30,여,89512,2442484383,868,42188993,27287
2023,동두천시,40,남,129241,3859895299,1278,80581725,29866
2023,동두천시,40,여,152506,4761064514,1301,65602785,31219
2023,동두천시,50,남,128061,3055773119,997,63489524,23862
2023,동두천시,50,여,105676,2737366056,888,45490829,25903
2023,동두천시,60,남,72417,1701872064,826,59889818,23501
2023,동두천시,60,여,54353,1420010574,542,28624133,26126
2023,동두천시,70,남,20206,476650808,223,16452241,23590
2023,동두천시,70,여,12865,331069290,112,5123000,25734
2023,동두천시,80,남,4161,78605466,36,2446511,18891
2023,동두천시,80,여,3259,64407654,33,2407000,19763
2023,동두천시,기타,-,17820,470679886,163,7160592,26413
2023,부천시,10,남,106048,2550472156,473,24417635,24050
2023,부천시,10,여,112089,2710497246,616,25741114,24182
2023,부천시,20,남,858320,12366317671,4195,96955350,14408
2023,부천시,20,여,906441,14778614380,5978,149225666,16304
2023,부천시,30,남,1051750,19634705410,5402,212775553,18669
2023,부천시,30,여,1343177,28358411217,8161,342700312,21113
2023,부천시,40,남,1498371,39243590824,7511,342355211,26191
2023,부천시,40,여,2153181,52115428206,12404,510043203,24204
2023,부천시,50,남,1246082,23088468254,6305,167112705,18529
2023,부천시,50,여,1827109,30088256395,9958,230967318,16468
2023,부천시,60,남,837103,12811178191,4167,83698101,15304
2023,부천시,60,여,1283996,20199711526,8118,187416554,15732
2023,부천시,70,남,239829,3709333514,1329,29475766,15467
2023,부천시,70,여,314527,4955298747,1968,45465252,15755
2023,부천시,80,남,31257,509411981,224,6098122,16298
2023,부천시,80,여,46592,745683566,332,7052413,16005
2023,부천시,기타,-,19908,290191192,181,3159169,14577
2023,성남시,10대,남,57172,1953692569,297,14470201,34172
2023,성남시,10대,여,75556,2226348168,332,15835123,29466
2023,성남시,20대,남,274141,6234797583,2810,86335236,22743
2023,성남시,20대,여,430939,9961944875,2793,99154576,23117
2023,성남시,30대,남,480850,16167518143,1934,134942299,33623
2023,성남시,30대,여,983992,39037960469,3781,338706325,39673
2023,성남시,40대,남,610633,24751621508,2184,172821653,40534
2023,성남시,40대,여,1656387,77928928636,6362,551554571,47048
2023,성남시,50대,남,376520,12038668248,1045,69303882,31974
2023,성남시,50대,여,889370,26036539011,3278,171939648,29275
2023,성남시,60대,남,154020,3875772275,480,20198295,25164
2023,성남시,60대,여,294472,7712094699,954,49445327,26190
2023,성남시,70대,남,31032,961631596,112,6692320,30988
2023,성남시,70대,여,39376,1259972058,216,11722758,31998
2023,성남시,80대이상,남,3576,142936964,15,834758,39971
2023,성남시,80대이상,여,5805,203687167,38,1977890,35088
2023,수원시,10,남,137983,3425911604,652,35837676,24829
2023,수원시,10,여,144662,3438136987,797,40277008,23767
2023,수원시,20,남,1250300,19725598180,7098,193758506,15777
2023,수원시,20,여,1256696,22633826424,9736,270367451,18011
2023,수원시,30,남,1396777,31107315083,7974,328980188,22271
2023,수원시,30,여,1599271,41328465081,10503,514499932,25842
2023,수원시,40,남,1923316,60163305202,10525,610684261,31281
2023,수원시,40,여,2484653,71382130068,14955,742492357,28729
2023,수원시,50,남,1331037,28103538296,6554,243715651,21114
2023,수원시,50,여,1363607,26726094634,7986,235729687,19600
2023,수원시,60,남,560847,9986261139,2984,74017150,17806
2023,수원시,60,여,613597,11611761510,3996,104848978,18924
2023,수원시,70,남,130492,2442036155,735,22892909,18714
2023,수원시,70,여,157027,3093577627,1131,34915218,19701
2023,수원시,80,남,21397,398828655,113,5129192,18639
2023,수원시,80,여,20573,375717872,175,4324563,18263
2023,수원시,기타,-,14215,237605513,152,2621338,16715
2023,시흥시,10대,남,155990,7947821890,417,40523056,50951
2023,시흥시,10대,여,178265,8690418197,530,52224769,48750
2023,시흥시,10대미만,남,19393,1040715628,50,6247270,53664
2023,시흥시,10대미만,여,18382,1118099947,60,9247810,60826
2023,시흥시,20대,남,287170,7611631026,2599,79770288,26506
2023,시흥시,20대,여,450335,11322208079,2325,91804277,25142
2023,시흥시,30대,남,505942,15616997594,1526,88335229,30867
2023,시흥시,30대,여,1243268,39780952377,4151,278253962,31997
2023,시흥시,40대,남,721722,31607828824,1959,164509304,43795
2023,시흥시,40대,여,1742618,72932984800,5601,456912550,41853
2023,시흥시,50대,남,430066,13946567166,848,61102191,32429
2023,시흥시,50대,여,1038587,27697051770,2421,124600674,26668
2023,시흥시,60대,남,193383,5156733258,393,22542301,26666
2023,시흥시,60대,여,374144,9134372355,1156,69027527,24414
2023,시흥시,70대,남,31308,937030454,97,5857875,29929
2023,시흥시,70대,여,39194,1168239291,162,9614431,29807
2023,시흥시,80대이상,남,4508,126414752,14,735643,28042
2023,시흥시,80대이상,여,4628,169094829,25,1854846,36537
2023,안산시,10,남,94491,2045782191,453,19357833,21651
2023,안산시,10,여,99022,2325482872,640,29272245,23485
2023,안산시,20,남,763623,11638177061,4077,103159812,15241
2023,안산시,20,여,743816,13163199663,5451,147587449,17697
2023,안산시,30,남,696712,12908135529,3880,124105459,18527
2023,안산시,30,여,779191,16554173593,5506,187724024,21245
2023,안산시,40,남,947952,21772576278,5194,184131488,22968
2023,안산시,40,여,1250049,27948916874,8428,288617860,22358
2023,안산시,50,남,1020951,18918971114,5328,141105346,18531
2023,안산시,50,여,1260199,23283115750,9465,238047352,18476
2023,안산시,60,남,654338,11161164741,4404,104063544,17057
2023,안산시,60,여,716953,12976049404,6493,165882656,18099
2023,안산시,70,남,159706,2741066555,1388,29888693,17163
2023,안산시,70,여,182903,3150241815,1644,39598452,17224
2023,안산시,80,남,33424,551649459,246,5968434,16505
2023,안산시,80,여,35382,636143109,269,6514980,17979
2023,안산시,기타,-,7300,145102250,62,1046447,19877
2023,안성시,10,남,24377,407733461,108,2698560,16726
2023,안성시,10,여,20108,410417776,111,3068461,20411
2023,안성시,20,남,199852,3362218987,1327,54527591,16824
2023,안성시,20,여,175406,3349484784,1363,35865390,19096
2023,안성시,30,남,252114,5452554146,1909,88974559,21627
2023,안성시,30,여,239155,6273797491,1964,77910685,26233
2023,안성시,40,남,435607,13009208677,2688,135898939,29865
2023,안성시,40,여,476804,14863500464,3433,162569785,31173
2023,안성시,50,남,364893,8468770684,2396,122244179,23209
2023,안성시,50,여,308528,7579266149,2367,76310543,24566
2023,안성시,60,남,207047,5141500099,1367,58985588,24833
2023,안성시,60,여,175920,4632050940,1392,50332765,26330
2023,안성시,70,남,60259,1592598394,510,22250854,26429
2023,안성시,70,여,44559,1200970910,415,13645950,26952
2023,안성시,80,남,9363,232269798,82,2595741,24807
2023,안성시,80,여,8908,244818487,86,1711762,27483
2023,안양시,10,남,91619,2828493429,482,31998452,30872
2023,안양시,10,여,100067,2819235189,603,37891585,28173
2023,안양시,20,남,685303,10649057202,3570,92024870,15539
2023,안양시,20,여,738005,13082752218,5070,133524765,17727
2023,안양시,30,남,1007400,21499598420,5544,225223236,21342
2023,안양시,30,여,1210249,28357116294,8061,378809778,23431
2023,안양시,40,남,1290441,36341594160,7025,367144345,28162
2023,안양시,40,여,1698078,44865794937,10497,506154639,26422
2023,안양시,50,남,960815,20457467524,4929,178752093,21292
2023,안양시,50,여,1242827,23648980803,7441,230479948,19028
2023,안양시,60,남,535335,9262509665,2747,70521243,17302
2023,안양시,60,여,724719,13125167865,4730,139125412,18111
2023,안양시,70,남,120186,2191875890,662,19786655,18237
2023,안양시,70,여,148047,2745364889,1046,30675922,18544
2023,안양시,80,남,16902,315459920,107,3067326,18664
2023,안양시,80,여,25733,465438542,167,4973935,18087
2023,안양시,기타,-,555584,7933833021,3592,56422132,14280
2023,양주시,10,남,25646,465590885,136,7461548,18155
2023,양주시,10,여,28600,565941380,184,5535265,19788
2023,양주시,20,남,150790,2830268104,1350,70006930,18770
2023,양주시,20,여,153843,3239106155,1487,57913541,21055
2023,양주시,30,남,218956,6068997033,2368,178722885,27718
2023,양주시,30,여,298789,9286019613,2775,175603636,31079
2023,양주시,40,남,408889,13104534328,3561,274504749,32049
2023,양주시,40,여,598213,18548817928,4786,261040404,31007
2023,양주시,50,남,273395,6852327543,2494,161762542,25064
2023,양주시,50,여,246732,6135624661,2051,93207993,24868
2023,양주시,60,남,114799,2665809771,1027,77012509,23222
2023,양주시,60,여,97274,2433696933,861,38338981,25019
2023,양주시,70,남,27472,675631720,290,15552865,24593
2023,양주시,70,여,26153,609544003,227,10267967,23307
2023,양주시,80,남,6328,140416153,38,1666018,22190
2023,양주시,80,여,4658,110145510,30,1382200,23647
2023,양주시,기타,-,74436,2372052022,625,30980652,31867
2023,양평군,10,남,32986,647236901,194,7717169,19622
2023,양평군,10,여,24116,544649470,188,9494408,22585
2023,양평군,20,남,104197,2385389492,1082,49643294,22893
2023,양평군,20,여,97219,2298819302,1082,39624764,23646
2023,양평군,30,남,147553,3644438886,1431,82573311,24699
2023,양평군,30,여,172669,4241430884,1908,79400612,24564
2023,양평군,40,남,285334,7166732071,2602,135315715,25117
2023,양평군,40,여,397768,9405486379,3428,128400758,23646
2023,양평군,50,남,311945,7670394294,2586,133570300,24589
2023,양평군,50,여,354930,9009146411,3289,140545259,25383
2023,양평군,60,남,303887,8436972073,3257,190514288,27764
2023,양평군,60,여,296321,8221654476,3145,155686236,27746
2023,양평군,70,남,124503,3481573579,1259,71239673,27964
2023,양평군,70,여,98783,2669744921,973,40022292,27026
2023,양평군,80,남,23206,656178957,227,10646579,28276
2023,양평군,80,여,15021,408132339,148,7176950,27171
2023,양평군,기타,-,142849,4716302088,1174,57623445,33016
2023,여주시,10,남,9978,176123021,44,2121230,17651
2023,여주시,10,여,10519,250233806,80,3015865,23789
2023,여주시,20,남,87458,1916512434,568,22114986,21914
2023,여주시,20,여,87172,2047625627,802,24020799,23489
2023,여주시,30,남,140578,3305396564,952,37834451,23513
2023,여주시,30,여,175955,4690551055,1476,58372942,26658
2023,여주시,40,남,270758,7732434695,1667,70292891,28558
2023,여주시,40,여,355729,10421242953,2527,104816193,29295
2023,여주시,50,남,249385,6592355933,1431,61417277,26434
2023,여주시,50,여,230729,6590619845,1661,78513847,28564
2023,여주시,60,남,136996,3848898821,828,38256023,28095
2023,여주시,60,여,128852,3860003211,1063,45711125,29957
2023,여주시,70,남,52132,1457172126,349,16032475,27952
2023,여주시,70,여,37624,1085957003,316,12266654,28863
2023,여주시,80이상,남,7836,208579731,46,1818220,26618
2023,여주시,80이상,여,5688,168146332,52,1880054,29562
2023,연천군,10,남,3582,71690250,56,3769950,20014
2023,연천군,10,여,4808,95269987,58,1795294,19815
2023,연천군,20,남,78632,1785876325,1129,63194701,22712
2023,연천군,20,여,46392,1042435031,688,28822241,22470
2023,연천군,30,남,93640,2254946864,1022,50638648,24081
2023,연천군,30,여,65267,1705131314,857,29567143,26125
2023,연천군,40,남,100409,2897997210,870,50377921,28862
2023,연천군,40,여,116568,3336603223,1203,51028555,28624
2023,연천군,50,남,101673,2647225134,937,53708455,26037
2023,연천군,50,여,86186,2367322312,882,42128176,27468
2023,연천군,60,남,66474,1836944233,557,32436395,27634
2023,연천군,60,여,54575,1582191843,582,26577015,28991
2023,연천군,70,남,16705,461885932,196,9733230,27650
2023,연천군,70,여,15081,428866542,171,9696935,28438
2023,연천군,80,남,3755,120705794,62,3352855,32145
2023,연천군,80,여,4245,122874180,40,2168690,28946
2023,연천군,기타,-,156935,5026270653,1881,115294565,32028
2023,오산시,10,남,23779,586157374,130,3812783,24650
2023,오산시,10,여,23241,568792500,136,6253213,24474
2023,오산시,20,남,153833,2672515646,974,23430328,17373
2023,오산시,20,여,153733,3125447612,1248,35587049,20330
2023,오산시,30,남,222796,5285402690,1583,52205195,23723
2023,오산시,30,여,268852,7401479121,1973,81272852,27530
2023,오산시,40,남,447879,14128239934,2914,129788459,31545
2023,오산시,40,여,552971,16026493888,3543,158266661,28983
2023,오산시,50,남,250573,5912385274,1268,44485910,23595
2023,오산시,50,여,238683,5311002886,1420,52113480,22251
2023,오산시,60,남,100606,2013742595,503,16145517,20016
2023,오산시,60,여,109487,2350841074,705,22063087,21471
2023,오산시,70,남,30181,631093331,142,5588858,20910
2023,오산시,70,여,34413,731174792,229,6049872,21247
2023,오산시,80,남,5229,93845423,30,652760,17947
2023,오산시,80,여,5858,143849472,44,1118446,24556
2023,오산시,기타,-,21763,593337621,160,5669377,27264
2023,용인시,10,남,155943,3906547243,887,56148563,25051
2023,용인시,10,여,156598,3941243189,1017,55236273,25168
2023,용인시,20,남,772178,13314865486,6320,223957336,17243
2023,용인시,20,여,811950,15545145176,7319,244047185,19145
2023,용인시,30,남,992973,25073140971,8898,515488806,25251
2023,용인시,30,여,1428816,38914890877,11975,638725683,27236
2023,용인시,40,남,1951095,66060576643,16357,944086255,33858
2023,용인시,40,여,2980916,87997827040,22640,1132132699,29520
2023,용인시,50,남,1120571,27751438191,7061,375012745,24765
2023,용인시,50,여,1138622,26052484181,8335,333550797,22881
2023,용인시,60,남,406891,8499687173,2928,153151811,20889
2023,용인시,60,여,392799,9369787320,3266,136180525,23854
2023,용인시,70,남,136293,3004861843,924,39704064,22047
2023,용인시,70,여,137775,3273395925,1039,42855950,23759
2023,용인시,80,남,29602,622682184,220,7929648,21035
2023,용인시,80,여,23562,542932924,206,8971007,23043
2023,용인시,기타,-,202407,5782384460,1566,68249261,28568
2023,의왕시,10,남,15799,299579424,60,1443756,18962
2023,의왕시,10,여,15721,294832538,87,2577757,18754
2023,의왕시,20,남,110949,1694094747,706,21901624,15269
2023,의왕시,20,여,119672,2006290736,802,25125363,16765
2023,의왕시,30,남,120204,2583672800,950,47260937,21494
2023,의왕시,30,여,176314,4207430361,1203,56607068,23863
2023,의왕시,40,남,190183,5323313661,1330,71444466,27990
2023,의왕시,40,여,276361,7238295351,1992,86883194,26191
2023,의왕시,50,남,138652,2838028578,931,39923992,20469
2023,의왕시,50,여,203077,3867237000,1381,43628134,19043
2023,의왕시,60,남,90534,1648655797,664,28330077,18210
2023,의왕시,60,여,123541,2288504912,994,28697365,18524
2023,의왕시,70,남,26058,466317022,230,9234650,17895
2023,의왕시,70,여,25972,468538049,191,6447935,18040
2023,의왕시,80,남,3444,50616357,23,557960,14697
2023,의왕시,80,여,4178,73439811,43,2331100,17578
2023,의왕시,기타,-,12883,303997913,98,2648197,23597
2023,의정부시,10,남,35392,837270368,225,10098204,23657
2023,의정부시,10,여,41960,983402377,286,12102008,23437
2023,의정부시,20,남,287231,4612870912,1706,38720202,16060
2023,의정부시,20,여,313826,5848381137,2616,70076669,18636
2023,의정부시,30,남,241695,5666651329,1493,61737123,23445
2023,의정부시,30,여,347835,9405492645,2757,113406290,27040
2023,의정부시,40,남,433567,13634536488,2527,116060855,31447
2023,의정부시,40,여,654282,19961347445,4906,209080717,30509
2023,의정부시,50,남,361514,7686342074,1853,61676709,21262
2023,의정부시,50,여,430217,8584311888,2845,84827463,19953
2023,의정부시,60,남,194447,3294378406,964,21282520,16942
2023,의정부시,60,여,234132,4180692628,1360,38500289,17856
2023,의정부시,70,남,61455,1073151329,312,7896900,17462
2023,의정부시,70,여,71843,1250522475,399,11082913,17406
2023,의정부시,80,남,11653,200565523,65,2059550,17211
2023,의정부시,80,여,11645,213985037,78,2189709,18376
2023,의정부시,기타,-,42118,895568219,269,8980881,21263
2023,이천시,10,남,33891,709054296,173,8524620,20922
2023,이천시,10,여,29944,840169710,176,8661651,28058
2023,이천시,20,남,229181,5432059078,1843,102985245,23702
2023,이천시,20,여,219639,5678398725,1837,86483000,25853
2023,이천시,30,남,439419,12567309119,4260,300933764,28600
2023,이천시,30,여,524604,17113737260,4380,278055442,32622
2023,이천시,40,남,687327,24748398012,5103,371364862,36007
2023,이천시,40,여,807894,29025996173,5866,367401958,35928
2023,이천시,50,남,481409,13543103906,3146,206232192,28132
2023,이천시,50,여,446104,12827257174,3414,172645261,28754
2023,이천시,60,남,227181,6065747812,1856,110011085,26700
2023,이천시,60,여,203292,5831093028,1750,94423048,28683
2023,이천시,70,남,47394,1286952222,356,17607165,27154
2023,이천시,70,여,43221,1237076426,376,21573369,28622
2023,이천시,80,남,8080,194232686,56,2705478,24039
2023,이천시,80,여,6007,185868686,52,2876079,30942
2023,이천시,기타,-,180498,5666755486,1364,52697028,31395
2023,파주시,10,남,72406,1848296980,348,14980870,25527
2023,파주시,10,여,74636,2062884207,447,23593060,27639
2023,파주시,20,남,475320,8651269084,2841,78383881,18201
2023,파주시,20,여,457716,9189894095,3530,101870186,20078
2023,파주시,30,남,943978,22498919825,5934,232938757,23834
2023,파주시,30,여,906304,23564424572,6642,280840551,26001
2023,파주시,40,남,1287655,37283741777,7531,332528813,28955
2023,파주시,40,여,1328786,36877972362,8976,368223280,27753
2023,파주시,50,남,914149,19796425244,4762,149904072,21656
2023,파주시,50,여,709054,15321049058,4844,148012965,21608
2023,파주시,60,남,390635,7852808499,2258,61789753,20103
2023,파주시,60,여,276249,6363544971,2091,65480343,23036
2023,파주시,70,남,83479,1851173939,544,16220950,22175
2023,파주시,70,여,70169,1700232912,529,16929384,24231
2023,파주시,80대 이상,남,17902,360756994,120,4033310,20152
2023,파주시,80대 이상,여,18266,388676672,117,3153040,21279
2023,파주시,기타,-,856090,19303803748,5812,168431974,22549
2023,평택시,10,남,60903,1449458918,307,15502260,23799
2023,평택시,10,여,63602,1641494720,436,22829595,25809
2023,평택시,20,남,493147,9085966333,3627,145948563,18424
2023,평택시,20,여,455562,9251103569,4030,121350400,20307
2023,평택시,30,남,894325,20504929866,7074,350262408,22928
2023,평택시,30,여,818134,21425007609,6511,300223068,26188
2023,평택시,40,남,1170029,33976120030,7622,390365841,29039
2023,평택시,40,여,1167790,33666814971,8570,364974316,28830
2023,평택시,50,남,797720,17677825922,4794,201989352,22160
2023,평택시,50,여,639757,14205747618,4571,158699501,22205
2023,평택시,60,남,342879,7248879258,2433,118928899,21141
2023,평택시,60,여,296024,6810321910,2353,94878785,23006
2023,평택시,70,남,76486,1726677170,546,25358422,22575
2023,평택시,70,여,74085,1774164413,546,18967690,23948
2023,평택시,80,남,12056,275176794,72,2566435,22825
2023,평택시,80,여,13353,329879709,107,4001125,24705
2023,평택시,기타,-,673924,14442647934,4607,124198723,21431
2023,포천시,10,남,7445,133960365,43,1198584,17993
2023,포천시,10,여,9585,172466723,73,2471180,17993
2023,포천시,20,남,101257,2123362015,1153,68545593,20970
2023,포천시,20,여,83629,1867154091,955,44001121,22327
2023,포천시,30,남,113389,2975920519,1816,130823297,26245
2023,포천시,30,여,95517,2859066866,1263,68490415,29933
2023,포천시,40,남,158769,4531469125,1616,109439540,28541
2023,포천시,40,여,173168,5224366338,1668,80464603,30169
2023,포천시,50,남,169877,4240584828,1405,89277104,24963
2023,포천시,50,여,141029,3687874704,1439,81931542,26150
2023,포천시,60,남,94699,2485979807,1001,72602655,26251
2023,포천시,60,여,65522,1825313545,654,39378394,27858
2023,포천시,70,남,16836,462118845,190,15023182,27448
2023,포천시,70,여,10959,328739344,109,6114734,29997
2023,포천시,80,남,2619,86703884,24,2154500,33106
2023,포천시,80,여,2117,59764038,11,273101,28231
2023,포천시,기타,-,129160,4156969990,1041,49516050,32185
2023,하남시,10,남,61148,1425968537,430,26855590,23320
2023,하남시,10,여,65274,1656485631,443,24308215,25377
2023,하남시,20,남,265746,4581961141,2342,118478956,17242
2023,하남시,20,여,323015,6050795647,2807,125115752,18732
2023,하남시,30,남,535105,12025299734,6455,499833880,22473
2023,하남시,30,여,773849,17407192291,7252,450789721,22494
2023,하남시,40,남,840881,23320145204,8598,654235925,27733
2023,하남시,40,여,1154308,28828972978,10676,633908672,24975
2023,하남시,50,남,464786,10733284999,5502,371072446,23093
2023,하남시,50,여,544361,11670353520,5637,281323805,21439
2023,하남시,60,남,310500,6603757181,4215,288555389,21268
2023,하남시,60,여,421598,8707601165,4776,248370954,20654
2023,하남시,70,남,142280,2893287731,1724,104093838,20335
2023,하남시,70,여,154727,2951462015,1639,65109686,19075
2023,하남시,80,남,22707,427658743,223,8910678,18834
2023,하남시,80,여,27799,524776187,266,8949822,18878
2023,하남시,기타,-,14394,319209182,119,4609116,22177
2023,화성시,10,남,183481,5768283680,829,70270801,31438
2023,화성시,10,여,187048,6590044217,1288,84148479,35232
2023,화성시,20,남,836759,15264476129,6221,275365418,18242
2023,화성시,20,여,803471,16745648939,6899,246126581,20842
2023,화성시,30,남,1738961,44061275512,13896,817598915,25338
2023,화성시,30,여,2177161,59221050773,16584,888988896,27201
2023,화성시,40,남,2675564,91344998921,17333,1136180990,34140
2023,화성시,40,여,3326977,1.02E+11,24670,1347632945,30553
2023,화성시,50,남,1238372,30855326234,7834,392269239,24916
2023,화성시,50,여,1061085,24640566511,8039,310003440,23222
2023,화성시,60,남,419385,8650253086,2965,130348992,20626
2023,화성시,60,여,384913,9492046114,3423,137904765,24660
2023,화성시,70,남,98710,2264292899,846,36746403,22939
2023,화성시,70,여,96663,2463780199,957,33938353,25488
2023,화성시,80,남,16051,345320477,119,4847116,21514
2023,화성시,80,여,13738,358980560,118,4345786,26130
2023,화성시,기타,-,198560,6983256207,1595,83885804,35170
2022,가평군,10,남,5784,137810151,62,2242930,23826
2022,가평군,10,여,6303,153018795,62,3381558,24277
2022,가평군,20,남,64436,1361977813,606,33067667,21137
2022,가평군,20,여,54689,1228182078,694,28543455,22458
2022,가평군,30,남,110560,2607782981,1421,87030663,23587
2022,가평군,30,여,109079,2572210897,1295,57295467,23581
2022,가평군,40,남,167210,4108172666,1470,91552821,24569
2022,가평군,40,여,205682,4997618154,1929,73257428,24298
2022,가평군,50,남,173077,4520699724,1606,117286141,26120
2022,가평군,50,여,167582,4447382699,1614,90750496,26539
2022,가평군,60,남,121845,3449814880,1396,110589109,28313
2022,가평군,60,여,122661,3404315286,1275,67326052,27754
2022,가평군,70,남,32853,958805470,376,26833798,29185
2022,가평군,70,여,25506,657893200,219,12026890,25794
2022,가평군,80,남,4365,122005016,64,5152000,27951
2022,가평군,80,여,3557,110951808,30,1747210,31193
2022,가평군,기타,-,114452,3478667235,990,52278092,30394
2022,가평군,전체 (기타포함),전체,1489641,38317308853,15109,860361777,25723
2022,고양시,10,남,167208,3342598621,861,36732465,19991
2022,고양시,10,여,159040,3492809704,1049,46868647,21962
2022,고양시,20,남,887348,12984370099,5576,132507814,14633
2022,고양시,20,여,942628,15885507714,7759,211730972,16852
2022,고양시,30,남,901579,17688334245,5954,215269658,19619
2022,고양시,30,여,1273713,28361244741,9967,411758256,22267
2022,고양시,40,남,1475638,36792833945,9247,396130247,24934
2022,고양시,40,여,2179411,52351658891,15794,609260186,24021
2022,고양시,50,남,1152717,22133348202,6347,196913949,19201
2022,고양시,50,여,1337157,25093804933,10154,279251275,18767
2022,고양시,60,남,506794,8495782111,3059,73093415,16764
2022,고양시,60,여,485796,9126193545,4074,109756371,18786
2022,고양시,70,남,101185,1760391119,685,17621520,17398
2022,고양시,70,여,122957,2275372605,1064,26843705,18505
2022,고양시,80,남,20950,380602248,150,3921643,18167
2022,고양시,80,여,27119,488813806,213,5876738,18025
2022,고양시,기타,-,1,9500,0,0,9500
2022,고양시,기타,-,482514,9211321269,3496,94873064,19090
2022,고양시,전체 (기타포함),전체,12223755,2.50E+11,85449,2868409925,20441
2022,과천시,10,남,29199,657106436,169,10836299,22504
2022,과천시,10,여,25645,651241370,164,10195132,25394
2022,과천시,20,남,128685,1982058219,724,23331541,15402
2022,과천시,20,여,128226,2230181921,914,28301735,17393
2022,과천시,30,남,187286,3657332673,1396,78747481,19528
2022,과천시,30,여,250512,5328032396,1899,82619255,21269
2022,과천시,40,남,255397,6669592685,1827,94662166,26115
2022,과천시,40,여,365158,8963535496,2728,117352440,24547
2022,과천시,50,남,193881,4236419652,1319,61584807,21851
2022,과천시,50,여,261278,5559722803,2139,74130178,21279
2022,과천시,60,남,117096,2191324371,897,32203629,18714
2022,과천시,60,여,136291,2817261322,1375,45061977,20671
2022,과천시,70,남,26563,532748032,226,8139487,20056
2022,과천시,70,여,33980,733646427,320,11713990,21591
2022,과천시,80,남,8642,172547804,91,4837570,19966
2022,과천시,80,여,11091,212204290,95,2245675,19133
2022,과천시,기타,-,149404,3033207885,1351,35562642,20302
2022,과천시,전체 (기타포함),전체,2308334,49628163782,17634,721526004,21500
2022,광명시,10,남,64934,1608342586,336,20846100,24769
2022,광명시,10,여,63907,1591474609,365,15390923,24903
2022,광명시,20,남,264748,4247894698,1886,90824323,16045
2022,광명시,20,여,280971,5285391496,2358,79647453,18811
2022,광명시,30,남,377841,9902758821,4346,358538882,26209
2022,광명시,30,여,595298,16545213528,5086,330609738,27793
2022,광명시,40,남,752600,25624238383,6840,577347383,34048
2022,광명시,40,여,1200733,36305915243,9151,544872882,30236
2022,광명시,50,남,420386,10473966247,3011,198078587,24915
2022,광명시,50,여,525990,10962272736,3694,158853758,20841
2022,광명시,60,남,173493,3105103160,1216,75146231,17898
2022,광명시,60,여,266231,4945205847,1741,61633372,18575
2022,광명시,70,남,47483,795069567,304,10899640,16744
2022,광명시,70,여,64622,1176177869,398,14745826,18201
2022,광명시,80,남,6693,113790668,33,857490,17001
2022,광명시,80,여,8826,165637943,85,3707736,18767
2022,광명시,기타,-,133853,2374673254,910,24542308,17741
2022,광명시,전체 (기타포함),전체,5248609,1.35E+11,41760,2566542632,25764
2022,광주시,10,남,80671,1327689736,440,18335454,16458
2022,광주시,10,여,79100,1578232773,619,27398564,19952
2022,광주시,20,남,401592,7836142047,4603,265848130,19513
2022,광주시,20,여,369541,8092313597,3881,197195750,21898
2022,광주시,30,남,888497,21980091267,11294,840008829,24739
2022,광주시,30,여,1122978,28764147889,11243,654535326,25614
2022,광주시,40,남,1601548,45013456807,17463,1229401688,28106
2022,광주시,40,여,1987864,54707549824,18494,1041689522,27521
2022,광주시,50,남,1102413,28813992449,11728,910552436,26137
2022,광주시,50,여,1158228,29771331086,12103,681222336,25704
2022,광주시,60,남,625828,16637153586,8165,633816444,26584
2022,광주시,60,여,674989,17142835708,7763,429045596,25397
2022,광주시,70,남,179674,4740166800,2618,202538227,26382
2022,광주시,70,여,185942,4346584116,1924,89991196,23376
2022,광주시,80,남,27864,688308844,291,19260752,24702
2022,광주시,80,여,27801,615492533,204,10268767,22139
2022,광주시,기타,-,138550,3723929402,1247,63850644,26878
2022,광주시,전체 (기타포함),전체,10653080,2.76E+11,114080,7314959661,25887
2022,구리시,10,남,40677,559415691,168,6559662,13753
2022,구리시,10,여,34980,587642619,220,8075013,16799
2022,구리시,20,남,268840,3798532943,1294,33861422,14129
2022,구리시,20,여,253271,4764703999,1860,55157290,18813
2022,구리시,30,남,284857,6453927453,1648,70215944,22657
2022,구리시,30,여,453789,11943965875,3221,155002402,26321
2022,구리시,40,남,565861,17600689333,3272,181617569,31104
2022,구리시,40,여,934443,30459307287,6520,391408916,32596
2022,구리시,50,남,371395,8794457546,1869,81788709,23680
2022,구리시,50,여,436238,10245012593,3041,118738796,23485
2022,구리시,60,남,154575,2860276209,822,17412180,18504
2022,구리시,60,여,162626,3577104337,1219,31717414,21996
2022,구리시,70,남,32256,566717457,203,4917995,17569
2022,구리시,70,여,43025,880029026,338,9078492,20454
2022,구리시,80,남,6656,112034620,48,1303600,16832
2022,구리시,80,여,8267,165292319,69,2910045,19994
2022,구리시,기타,-,260281,4376751016,1700,34035728,16815
2022,구리시,전체 (기타포함),전체,4312037,1.08E+11,27512,1203801177,24987
2022,군포시,10,남,128746,2815334246,569,27784656,21867
2022,군포시,10,여,121655,2879444381,840,40967961,23669
2022,군포시,20,남,492783,7533800042,3275,139139919,15288
2022,군포시,20,여,490561,8979230648,3824,156996572,18304
2022,군포시,30,남,663658,13754483568,5954,373773944,20725
2022,군포시,30,여,835484,18510640139,6659,356293803,22156
2022,군포시,40,남,972140,25771424760,7710,471232364,26510
2022,군포시,40,여,1520150,36738937581,12109,535509364,24168
2022,군포시,50,남,837841,17988414973,6502,354067756,21470
2022,군포시,50,여,1222988,23248339544,9524,359626415,19009
2022,군포시,60,남,458390,8813682259,3973,215863424,19227
2022,군포시,60,여,695157,12717078366,6157,234154965,18294
2022,군포시,70,남,125960,2405037609,1045,46499543,19094
2022,군포시,70,여,172118,3116233104,1431,55342130,18105
2022,군포시,80,남,24862,465056432,228,7409459,18706
2022,군포시,80,여,33319,608104539,325,11826981,18251
2022,군포시,기타,-,149406,2632646872,1114,39355180,17621
2022,군포시,전체 (기타포함),전체,8945218,1.89E+11,71239,3425844436,21126
2022,김포시,10,남,77995,2928914766,290,18074866,37460
2022,김포시,10,여,93038,3407998294,448,31535816,36467
2022,김포시,20,남,428403,8351539035,1846,58428858,19442
2022,김포시,20,여,555590,12406750945,2810,113721610,22239
2022,김포시,30,남,866832,26427399888,3740,199658255,30388
2022,김포시,30,여,1613914,52465601246,7209,476974357,32357
2022,김포시,40,남,1503699,63053622149,6269,433409571,41818
2022,김포시,40,여,2540720,98248221402,11530,753323921,38548
2022,김포시,50,남,757866,24297309821,2642,150098011,31974
2022,김포시,50,여,991534,28743999250,4344,223194324,28891
2022,김포시,60,남,281177,7192849842,1122,53078092,25494
2022,김포시,60,여,361348,10558419151,1848,97724821,29098
2022,김포시,70,남,66731,1824965433,343,16654508,27239
2022,김포시,70,여,74187,2330309750,496,25322329,31279
2022,김포시,80,남,8903,281355136,52,2149869,31546
2022,김포시,80,여,9042,315028912,65,2941460,34764
2022,김포시,기타,-,348782,9591219602,2537,97866536,27418
2022,김포시,전체 (기타포함),전체,10535661,3.51E+11,47325,2741764284,33205
2022,남양주시,10,남,115250,1943687093,480,18420532,16865
2022,남양주시,10,여,108564,1999771341,582,18250745,18420
2022,남양주시,20,남,520988,8608196597,2640,69542234,16523
2022,남양주시,20,여,541965,10499243731,4046,121675217,19373
2022,남양주시,30,남,673902,17331745904,3972,204662726,25718
2022,남양주시,30,여,1176738,35272599654,8488,484999339,29975
2022,남양주시,40,남,1556545,52361956677,9192,596560294,33640
2022,남양주시,40,여,2547717,84872754375,17231,1005276804,33313
2022,남양주시,50,남,859906,21346154322,4314,180388929,24824
2022,남양주시,50,여,872877,21331833605,5849,216394346,24439
2022,남양주시,60,남,279491,5570391877,1425,42460403,19930
2022,남양주시,60,여,269755,6068953925,2079,75017208,22498
2022,남양주시,70,남,72482,1414335385,404,14438277,19513
2022,남양주시,70,여,78241,1667165496,581,22619063,21308
2022,남양주시,80,남,12246,243590239,78,2300913,19891
2022,남양주시,80,여,15774,320630333,119,3319024,20327
2022,남양주시,기타,-,287356,6100501477,2118,61720404,21230
2022,남양주시,전체 (기타포함),전체,9989797,2.77E+11,63598,3138046458,27724
2022,동두천시,10,남,4687,112668330,21,1344650,24038
2022,동두천시,10,여,6611,132459130,72,2200380,20036
2022,동두천시,20,남,72170,1436262335,793,36028258,19901
2022,동두천시,20,여,68981,1464267223,742,26897427,21227
2022,동두천시,30,남,93172,2276581368,1078,68463806,24434
2022,동두천시,30,여,117237,3115811940,1269,61003427,26577
2022,동두천시,40,남,162201,4467207345,1403,80128494,27541
2022,동두천시,40,여,193968,5587039698,1719,73539302,28804
2022,동두천시,50,남,153918,3574444704,1134,60094474,23223
2022,동두천시,50,여,124900,3310421440,1145,57562566,26505
2022,동두천시,60,남,75761,1783228873,703,41712747,23538
2022,동두천시,60,여,64284,1753263451,604,31542835,27274
2022,동두천시,70,남,19662,455871529,171,7327214,23185
2022,동두천시,70,여,15240,391404911,119,3778324,25683
2022,동두천시,80,남,3536,76412135,46,2548618,21610
2022,동두천시,80,여,3825,91653849,34,1390550,23962
2022,동두천시,기타,-,103231,2530505348,827,35812870,24513
2022,동두천시,전체 (기타포함),전체,1283384,32559503609,11880,591375942,25370
2022,부천시,10,남,147824,2887382373,684,26458557,19533
2022,부천시,10,여,150702,3113756816,753,35764797,20662
2022,부천시,20,남,1082573,15206926562,5275,121241546,14047
2022,부천시,20,여,1135014,18160411837,7433,192348757,16000
2022,부천시,30,남,1389508,26198331703,7279,285826248,18854
2022,부천시,30,여,1740340,36946449290,10877,470991525,21229
2022,부천시,40,남,1956487,49051828709,10288,470250438,25071
2022,부천시,40,여,2883995,68228577079,17460,679453153,23658
2022,부천시,50,남,1458700,27055165911,7671,204471144,18547
2022,부천시,50,여,2205089,36920490761,12797,331441561,16743
2022,부천시,60,남,861566,13580150191,4394,102568774,15762
2022,부천시,60,여,1352252,21668070271,8707,215875426,16024
2022,부천시,70,남,216456,3419057869,1293,29265045,15796
2022,부천시,70,여,294183,4719076760,1887,43325098,16041
2022,부천시,80,남,24207,413112328,154,4008934,17066
2022,부천시,80,여,37679,612015668,263,6313561,16243
2022,부천시,기타,-,16477,214933081,154,2759920,13044
2022,부천시,전체 (기타포함),전체,16953052,3.28E+11,97369,3222364484,19371
2022,성남시,10대,남,86652,3664053208,505,30301666,42285
2022,성남시,10대,여,112004,4172960693,582,31787379,37257
2022,성남시,20대,남,308441,7068430189,2576,88903448,22917
2022,성남시,20대,여,512499,12194553396,3181,113300579,23794
2022,성남시,30대,남,638544,22369364956,2811,212469059,35032
2022,성남시,30대,여,1268106,49138345038,5160,434704130,38749
2022,성남시,40대,남,903225,38812671274,3499,256600242,42971
2022,성남시,40대,여,2290904,96123377811,9320,699546992,41959
2022,성남시,50대,남,483001,16405863094,1581,106963249,33967
2022,성남시,50대,여,1088032,30333741001,4377,205790549,27879
2022,성남시,60대,남,177122,4686602126,619,35284182,26460
2022,성남시,60대,여,341206,9447427262,1361,70194699,27688
2022,성남시,70대,남,36261,1384452694,169,12306409,38180
2022,성남시,70대,여,48642,1911772289,256,18982312,39303
2022,성남시,80대,남,4100,243587091,15,1243070,59411
2022,성남시,80대,여,6719,305916674,47,3803587,45530
2022,성남시,90대,남,283,17481380,3,198100,61772
2022,성남시,90대,여,366,20427690,0,0,55813
2022,성남시,탈퇴회원,,535,51759360,3,77500,96746
2022,수원시,10,남,189957,4268758201,1020,46539439,22472
2022,수원시,10,여,199103,4353904236,1270,50954160,21868
2022,수원시,20,남,1531457,23133533663,10142,269524637,15106
2022,수원시,20,여,1477134,25680807433,13654,347322269,17386
2022,수원시,30,남,1759212,36650715130,13452,559982605,20834
2022,수원시,30,여,1978416,47992059336,15819,689175166,24258
2022,수원시,40,남,2428362,68076104998,15854,826936248,28034
2022,수원시,40,여,3189557,83704719219,22261,996573983,26243
2022,수원시,50,남,1540982,30760825295,8202,295760120,19962
2022,수원시,50,여,1606750,30157996992,10355,300066827,18770
2022,수원시,60,남,588439,10287349781,3280,95011241,17482
2022,수원시,60,여,662228,12264688317,4474,124343117,18520
2022,수원시,70,남,133384,2446367866,807,21862642,18341
2022,수원시,70,여,166576,3139892105,1107,38376175,18850
2022,수원시,80,남,21232,385853278,161,4921171,18173
2022,수원시,80,여,20192,365654905,123,2603956,18109
2022,수원시,기타,-,31479,627623811,249,6190820,19938
2022,수원시,전체 (기타포함),전체,17524460,3.84E+11,122230,4676144576,21929
2022,시흥시,10대,남,173470,8290026718,448,31731259,47789
2022,시흥시,10대,여,205754,9273081598,593,48122354,45069
2022,시흥시,10대미만,남,19568,1237748538,49,4679720,63254
2022,시흥시,10대미만,여,20192,1299690547,58,6713950,64367
2022,시흥시,20대,남,355488,8938696834,2408,81317413,25145
2022,시흥시,20대,여,553501,13551272706,2561,98639354,24483
2022,시흥시,30대,남,653191,18976253302,2054,117549890,29052
2022,시흥시,30대,여,1591547,46527617083,5343,321379417,29234
2022,시흥시,40대,남,882147,33628307427,2315,155740558,38121
2022,시흥시,40대,여,2084431,75803335792,6247,396832219,36366
2022,시흥시,50대,남,489826,14920169786,1031,56607066,30460
2022,시흥시,50대,여,1206471,30624338134,2936,152873241,25383
2022,시흥시,60대,남,204264,5431166340,408,24227879,26589
2022,시흥시,60대,여,377939,9245927699,1174,64586904,24464
2022,시흥시,70대,남,33410,964070272,113,5382241,28856
2022,시흥시,70대,여,39386,1137867361,160,10095406,28890
2022,시흥시,80대이상,남,4760,133457251,15,450686,28037
2022,시흥시,80대이상,여,4837,188800504,18,1119230,39033
2022,안산시,10,남,162878,3406198442,830,30236013,20913
2022,안산시,10,여,170902,3807420724,1155,45438738,22278
2022,안산시,20,남,1092705,16806751411,6237,163511417,15381
2022,안산시,20,여,1059399,19012201225,8213,229896754,17946
2022,안산시,30,남,1120731,21034348330,7010,218008068,18768
2022,안산시,30,여,1287768,27104266391,9953,337493683,21047
2022,안산시,40,남,1532498,34816541401,9457,347544306,22719
2022,안산시,40,여,2169981,47142492285,16184,546626022,21725
2022,안산시,50,남,1526369,29851015980,9112,273749866,19557
2022,안산시,50,여,2055461,39977386912,16267,478780678,19449
2022,안산시,60,남,810776,14997754507,5873,161415932,18498
2022,안산시,60,여,963940,18613443752,9241,274041975,19310
2022,안산시,70,남,184750,3340591972,1623,40330930,18082
2022,안산시,70,여,226617,4073202272,2187,59413642,17974
2022,안산시,80,남,31892,565761367,266,7398247,17740
2022,안산시,80,여,43623,820028243,388,12336768,18798
2022,안산시,기타,-,479889,9876195177,4128,141441214,20580
2022,안산시,전체 (기타포함),전체,14920179,2.95E+11,108124,3367664253,19788
2022,안성시,10,남,28770,383512147,120,3452505,13330
2022,안성시,10,여,24698,412104467,164,3642974,16686
2022,안성시,20,남,207933,3541825752,1607,62356408,17033
2022,안성시,20,여,180504,3576849993,1545,45225693,19816
2022,안성시,30,남,272241,6105898182,2436,122954996,22428
2022,안성시,30,여,267222,7269971000,2486,92739004,27206
2022,안성시,40,남,460087,13550285985,3316,194673336,29452
2022,안성시,40,여,517049,16035233228,4265,194068124,31013
2022,안성시,50,남,355405,8621491806,2345,127632943,24258
2022,안성시,50,여,277847,7174402148,2256,84837927,25821
2022,안성시,60,남,171947,4501747796,1217,69275516,26181
2022,안성시,60,여,140313,3885847219,1161,44751273,27694
2022,안성시,70,남,44696,1294794852,362,22242690,28969
2022,안성시,70,여,31074,922516144,245,11088479,29688
2022,안성시,80,남,6343,171107888,39,1878365,26976
2022,안성시,80,여,5794,164600919,55,1765330,28409
2022,안성시,기타,-,199107,6642071348,1488,64725504,33359
2022,안성시,전체 (기타포함),전체,3191038,84254343574,25112,1147900667,36741
2022,안양시,10,남,96213,2880636563,518,31200653,29940
2022,안양시,10,여,104828,2969852756,728,37357837,28331
2022,안양시,20,남,570472,9034926550,3537,86131498,15838
2022,안양시,20,여,642924,11955361083,5392,151130851,18595
2022,안양시,30,남,789776,17585864924,5685,230041171,22267
2022,안양시,30,여,1003505,24955032572,8065,350025284,24868
2022,안양시,40,남,1053083,30045019376,6655,339000423,28531
2022,안양시,40,여,1556910,41667002043,11296,506554927,26763
2022,안양시,50,남,696425,15079262246,3741,128530545,21652
2022,안양시,50,여,954203,18251797235,6075,185802163,19128
2022,안양시,60,남,334799,6073005144,1856,52174716,18139
2022,안양시,60,여,456463,8672687290,2961,87274628,19000
2022,안양시,70,남,72567,1401160495,456,11930064,19309
2022,안양시,70,여,94840,1836792403,560,17485991,19367
2022,안양시,80,남,11271,223914699,75,5377769,19866
2022,안양시,80,여,14494,287131985,93,2654063,19810
2022,안양시,기타,-,225639,4003446448,1420,37178990,17743
2022,안양시,전체 (기타포함),전체,8678412,1.97E+11,59113,2259851573,22691
2022,양주시,10,남,34429,526869683,148,4278675,15303
2022,양주시,10,여,35676,637181505,261,5861944,17860
2022,양주시,20,남,162824,2972528381,1379,64887541,18256
2022,양주시,20,여,162982,3260352710,1554,49968917,20004
2022,양주시,30,남,235666,5940956606,2018,119794521,25209
2022,양주시,30,여,311039,8788945384,2903,145093962,28257
2022,양주시,40,남,470471,13796570372,3633,237639113,29325
2022,양주시,40,여,669531,19750441126,5401,247250675,29499
2022,양주시,50,남,289818,6990756046,2065,116186787,24121
2022,양주시,50,여,257001,6253309485,1910,76276658,24332
2022,양주시,60,남,111793,2601149087,933,58652768,23268
2022,양주시,60,여,97908,2304197112,754,29587618,23534
2022,양주시,70,남,23478,558361172,229,13601161,23782
2022,양주시,70,여,25134,552185250,175,6892223,21970
2022,양주시,80,남,5878,122648865,39,2192325,20866
2022,양주시,80,여,5146,125619296,32,2057435,24411
2022,양주시,기타,-,217780,6190266362,1687,77128233,28424
2022,양주시,전체 (기타포함),전체,3116554,81372338442,25121,1257350556,26110
2022,양평군,10,남,37703,773072238,263,14018209,20504
2022,양평군,10,여,28319,633327185,201,6388376,22364
2022,양평군,20,남,128141,2739173419,1283,51590418,21376
2022,양평군,20,여,117809,2718454166,1430,54424943,23075
2022,양평군,30,남,177629,4357110683,1812,101682533,24529
2022,양평군,30,여,208611,5105961339,2285,95285056,24476
2022,양평군,40,남,342047,8387852258,2886,157853868,24523
2022,양평군,40,여,464506,10796226395,4094,149592819,23242
2022,양평군,50,남,339699,8546293543,2741,157601291,25158
2022,양평군,50,여,371003,9496610658,3424,146646112,25597
2022,양평군,60,남,297511,8427405135,2984,186714987,28326
2022,양평군,60,여,278288,7856466502,2850,137992874,28231
2022,양평군,70,남,108067,3070348588,1101,56835252,28412
2022,양평군,70,여,84406,2244096017,873,34729824,26587
2022,양평군,80,남,15806,461926736,132,6134618,29225
2022,양평군,80,여,11209,327927738,96,5258094,29256
2022,양평군,기타,-,270757,8577559166,2184,111886533,31680
2022,양평군,전체 (기타포함),전체,3281511,84519811766,30639,1474635807,25756
2022,여주시,10,남,12083,200738088,54,2130025,16613
2022,여주시,10,여,13192,266423663,121,2750300,20196
2022,여주시,20,남,96820,2178406562,832,28515240,22500
2022,여주시,20,여,89702,2074722509,858,26184979,23129
2022,여주시,30,남,148408,3601138282,1140,50011204,24265
2022,여주시,30,여,187779,5030980790,1731,74959332,26792
2022,여주시,40,남,286783,8191314172,1859,83819029,28563
2022,여주시,40,여,374165,10727654582,2902,113602085,28671
2022,여주시,50,남,255007,6777178692,1497,65112374,26576
2022,여주시,50,여,230426,6732575883,1802,83137385,29218
2022,여주시,60,남,132075,3811984479,879,46168626,28862
2022,여주시,60,여,121901,3726626498,987,47483866,30571
2022,여주시,70,남,44319,1261898049,270,14912092,28473
2022,여주시,70,여,31585,942842603,256,9826475,29851
2022,여주시,80,남,6993,197653694,54,1647698,28265
2022,여주시,80,여,4388,125031733,40,1576974,28494
2022,여주시,기타,-,285751,9229501035,2022,88624189,32299
2022,여주시,전체 (기타포함),전체,2321377,65076671314,17304,740461873,28034
2022,연천군,10,남,4439,63138463,36,1298450,14224
2022,연천군,10,여,4804,97896729,66,2606950,20378
2022,연천군,20,남,70260,1544910890,1143,47922574,21988
2022,연천군,20,여,40941,895737572,691,21742769,21879
2022,연천군,30,남,81605,1894061884,976,36811808,23210
2022,연천군,30,여,64929,1666975305,983,32897008,25674
2022,연천군,40,남,96557,2573280969,791,35640865,26650
2022,연천군,40,여,102434,2850098108,1151,42111072,27824
2022,연천군,50,남,85402,2169769067,558,26407077,25407
2022,연천군,50,여,67230,1740611223,642,23024237,25890
2022,연천군,60,남,46824,1277948755,357,16189718,27293
2022,연천군,60,여,38413,1099465647,316,12517734,28622
2022,연천군,70,남,9754,263554688,53,3074530,27020
2022,연천군,70,여,9786,258078948,98,4267390,26372
2022,연천군,80,남,1982,53755013,22,812002,27122
2022,연천군,80,여,1648,50405887,20,1341110,30586
2022,연천군,기타,-,199413,6428800480,2160,112657925,32239
2022,연천군,전체 (기타포함),전체,926421,24928489628,10063,421323219,26908
2022,오산시,10,남,45552,1003701041,292,16154321,22034
2022,오산시,10,여,48830,1088148393,361,17769717,22284
2022,오산시,20,남,229809,4213594506,2422,133372238,18335
2022,오산시,20,여,232533,4596328937,2611,112114734,19766
2022,오산시,30,남,410714,9204747012,5298,358446659,22412
2022,오산시,30,여,495225,11416480617,5118,259201315,23053
2022,오산시,40,남,706702,18343570614,6964,432129365,25957
2022,오산시,40,여,887295,20491889815,7822,363216297,23095
2022,오산시,50,남,402361,8825853453,3736,228749978,21935
2022,오산시,50,여,423299,8811169130,3855,167603783,20815
2022,오산시,60,남,162610,3472595344,1717,106455669,21355
2022,오산시,60,여,201943,4273311188,2033,98360694,21161
2022,오산시,70,남,48219,1003043818,546,35322011,20802
2022,오산시,70,여,59882,1220563311,535,22109559,20383
2022,오산시,80,남,10214,190006612,78,3517748,18603
2022,오산시,80,여,9161,198983166,83,4922197,21721
2022,오산시,기타,-,63169,1298619875,537,24167000,20558
2022,오산시,전체 (기타포함),전체,4437518,99652606832,44008,2383613285,22457
2022,용인시,10,남,197179,4406509470,1163,51223329,22348
2022,용인시,10,여,191844,4584105101,1386,67320769,23895
2022,용인시,20,남,851035,14255181040,7431,281382478,16750
2022,용인시,20,여,902894,16780639572,9415,296421505,18585
2022,용인시,30,남,1160423,28360362882,12893,745387583,24440
2022,용인시,30,여,1665365,44115156017,16935,854667322,26490
2022,용인시,40,남,2136299,66391057577,19448,1154124575,31078
2022,용인시,40,여,3233894,89104662675,29276,1328113564,27553
2022,용인시,50,남,1147118,26404483513,8696,462702642,23018
2022,용인시,50,여,1128457,24585883750,9315,367760889,21787
2022,용인시,60,남,387087,7883235208,3170,171603023,20366
2022,용인시,60,여,370429,8719934408,3141,144799166,23540
2022,용인시,70,남,125753,2669842111,973,48992650,21231
2022,용인시,70,여,125595,2860250301,1014,43148446,22774
2022,용인시,80,남,26715,533486692,202,6884695,19970
2022,용인시,80,여,22346,482331396,183,10032445,21585
2022,용인시,기타,-,432957,10622789327,3417,122166725,24535
2022,용인시,전체 (기타포함),전체,14105390,3.53E+11,128058,6156731806,25009
2022,의왕시,10,남,24559,491410439,117,3368854,20009
2022,의왕시,10,여,24912,442152089,147,4262403,17749
2022,의왕시,20,남,175993,2773693248,1314,50867352,15760
2022,의왕시,20,여,175921,3087225508,1407,50952388,17549
2022,의왕시,30,남,225776,5119819298,2619,188708409,22677
2022,의왕시,30,여,306910,7382602682,2528,128092277,24055
2022,의왕시,40,남,318471,8574604891,2874,200566004,26924
2022,의왕시,40,여,468236,11603601675,3499,166163421,24782
2022,의왕시,50,남,217431,4756364730,1843,119142090,21875
2022,의왕시,50,여,332484,6621352365,2616,105293077,19915
2022,의왕시,60,남,131178,2632042590,1274,80116648,20065
2022,의왕시,60,여,181921,3556525876,1602,59702031,19550
2022,의왕시,70,남,28726,551076019,251,11457115,19184
2022,의왕시,70,여,36899,694399004,301,10492076,18819
2022,의왕시,80,남,5426,85953759,34,1431319,15841
2022,의왕시,80,여,6221,113753484,71,2733370,18285
2022,의왕시,기타,-,67155,1335183874,505,19996554,19882
2022,의왕시,전체 (기타포함),전체,2728219,59821761531,23002,1203345388,21927
2022,의정부시,10,남,56664,1197090075,297,9855537,21126
2022,의정부시,10,여,63986,1395707325,465,15340235,21813
2022,의정부시,20,남,398150,6313709800,2491,61168265,15858
2022,의정부시,20,여,424129,7864429812,3665,98810085,18543
2022,의정부시,30,남,397304,8697909167,3031,115617967,21892
2022,의정부시,30,여,554902,14004311058,4660,173345550,25237
2022,의정부시,40,남,692525,19161344212,4284,174797846,27669
2022,의정부시,40,여,1033621,27964337135,7665,293163087,27055
2022,의정부시,50,남,545323,10804142751,2849,88834185,19812
2022,의정부시,50,여,628077,12294945615,4091,113695077,19576
2022,의정부시,60,남,257000,4399076863,1372,39370903,17117
2022,의정부시,60,여,303102,5571404861,1883,52450014,18381
2022,의정부시,70,남,74567,1285234290,441,12892652,17236
2022,의정부시,70,여,88738,1566662317,545,12584142,17655
2022,의정부시,80,남,12327,235434994,78,1635656,19099
2022,의정부시,80,여,13653,256301885,83,3164891,18773
2022,의정부시,기타,-,371787,7268684831,2302,63797685,19551
2022,의정부시,전체 (기타포함),전체,5915855,1.30E+11,40202,1330523777,22022
2022,이천시,10,남,32159,563567651,191,9860025,17524
2022,이천시,10,여,35244,864419360,251,11817285,24527
2022,이천시,20,남,270522,6163231852,2799,171684277,22783
2022,이천시,20,여,241264,6019521873,2495,121848622,24950
2022,이천시,30,남,468908,12964528907,5236,375833098,27648
2022,이천시,30,여,494196,15775994729,4725,292934157,31923
2022,이천시,40,남,702221,23418255679,5987,452046310,33349
2022,이천시,40,여,783498,26878527475,6610,384153408,34306
2022,이천시,50,남,476945,12966322682,4038,287704636,27186
2022,이천시,50,여,404734,11148353906,3395,179371150,27545
2022,이천시,60,남,200023,5315493913,1794,119547570,26574
2022,이천시,60,여,165862,4642759935,1509,82510519,27992
2022,이천시,70,남,36697,1052700171,417,31411002,28686
2022,이천시,70,여,32286,920524197,283,15933893,28512
2022,이천시,80,남,5958,161805991,55,2816460,27158
2022,이천시,80,여,4252,128439388,33,1623384,30207
2022,이천시,기타,-,338519,11261164376,2940,255913291,33266
2022,이천시,전체 (기타포함),전체,4693288,1.40E+11,42758,2797009087,29882
2022,파주시,10,남,70175,1555461153,316,13112805,22165
2022,파주시,10,여,74311,1787987317,464,24030525,24061
2022,파주시,20,남,379248,6760277622,2561,79109209,17825
2022,파주시,20,여,383029,8053881165,3407,112206465,21027
2022,파주시,30,남,670120,17642919624,5337,292874575,26328
2022,파주시,30,여,825430,23874204960,7265,374255842,28923
2022,파주시,40,남,1010162,30958249014,7081,392589104,30647
2022,파주시,40,여,1289456,37542670462,10309,452804005,29115
2022,파주시,50,남,585467,13284733868,3240,136378188,22691
2022,파주시,50,여,516638,11766881062,3841,133373464,22776
2022,파주시,60,남,205766,4431939994,1279,47441405,21539
2022,파주시,60,여,165150,3957399466,1211,42144942,23962
2022,파주시,70,남,42039,948945831,276,10160387,22573
2022,파주시,70,여,38324,926049269,285,9589817,24164
2022,파주시,80,남,9273,182790567,72,1539880,19712
2022,파주시,80,여,10317,217636125,57,1187600,21095
2022,파주시,기타,-,193425,5620156997,1473,57608877,29056
2022,파주시,전체 (기타포함),전체,6468330,1.70E+11,48474,2180407090,26206
2022,평택시,10,남,75098,1596892931,411,16539760,21264
2022,평택시,10,여,69859,1600583756,569,17978709,22912
2022,평택시,20,남,485425,8963351127,4175,167293019,18465
2022,평택시,20,여,465375,9537656472,4530,140204790,20495
2022,평택시,30,남,761700,17327469483,7049,324468991,22748
2022,평택시,30,여,853524,21788396200,8424,349193559,25528
2022,평택시,40,남,1022825,28563766568,7476,365667985,27926
2022,평택시,40,여,1170394,31502776344,10087,393332424,26916
2022,평택시,50,남,621485,13724042724,3752,155430039,22083
2022,평택시,50,여,565914,12710107612,4203,150595975,22459
2022,평택시,60,남,221619,5001833452,1531,76646069,22570
2022,평택시,60,여,228460,5546995288,1677,69620506,24280
2022,평택시,70,남,51631,1217623436,352,15580090,23583
2022,평택시,70,여,52003,1301387790,373,13375912,25025
2022,평택시,80,남,6103,146012952,45,1479407,23925
2022,평택시,80,여,9163,251366112,81,2385915,27433
2022,평택시,기타,-,280003,7790299738,1963,70106766,27822
2022,평택시,전체 (기타포함),전체,6940581,1.69E+11,56698,2329899916,24288
2022,포천시,10,남,9531,138536981,86,4833578,14535
2022,포천시,10,여,11024,180236770,89,2259405,16349
2022,포천시,20,남,131098,2622106878,1308,63461827,20001
2022,포천시,20,여,96358,2135227319,1136,44652125,22159
2022,포천시,30,남,151641,3726718138,1715,101779119,24576
2022,포천시,30,여,129778,3580468919,1574,69292357,27589
2022,포천시,40,남,205609,5522803215,1771,97777331,26861
2022,포천시,40,여,235504,6429819719,2157,85496113,27302
2022,포천시,50,남,209055,5175371739,1562,86940615,24756
2022,포천시,50,여,162992,4202014622,1444,70701277,25780
2022,포천시,60,남,99194,2525674225,849,56195207,25462
2022,포천시,60,여,67343,1882317136,632,35301071,27951
2022,포천시,70,남,15330,412897712,166,11592541,26934
2022,포천시,70,여,10952,300515875,113,5321847,27439
2022,포천시,80,남,2421,78548894,20,1364230,32445
2022,포천시,80,여,2345,65908638,14,500160,28106
2022,포천시,기타,-,301750,8792968732,2386,97834671,29140
2022,포천시,전체 (기타포함),전체,1841925,47772135512,17022,835303474,25936
2022,하남시,10,남,93275,2545432195,794,57631271,27290
2022,하남시,10,여,96207,2816882089,817,52773318,29279
2022,하남시,20,남,388143,7185678201,4001,225286099,18513
2022,하남시,20,여,454742,9333130230,4532,221007910,20524
2022,하남시,30,남,886104,22948054775,13356,1181139384,25898
2022,하남시,30,여,1247041,32332299120,14359,996980087,25927
2022,하남시,40,남,1348698,41427174097,17355,1488864774,30716
2022,하남시,40,여,1780540,48937948260,19858,1258478499,27485
2022,하남시,50,남,644071,16746648265,8853,733466925,26001
2022,하남시,50,여,775271,18476253378,9339,566954305,23832
2022,하남시,60,남,418736,10133460701,6767,555441747,24200
2022,하남시,60,여,562190,13326991125,7467,445283168,23705
2022,하남시,70,남,158916,3723407049,2109,145489009,23430
2022,하남시,70,여,174583,3838445890,2204,103519576,21986
2022,하남시,80,남,24229,519573556,258,13419224,21444
2022,하남시,80,여,28248,618676084,325,16276213,21902
2022,하남시,기타,-,113551,2415378278,1166,52887668,21271
2022,하남시,전체 (기타포함),전체,9194545,2.37E+11,113560,8114899177,25812
2022,화성시,10,남,190354,5818657663,1083,72108264,30568
2022,화성시,10,여,184634,6217839469,1294,91611464,33677
2022,화성시,20,남,846655,15033959458,6628,283757018,17757
2022,화성시,20,여,806721,16364293680,7298,265757964,20285
2022,화성시,30,남,1850348,45424204681,15569,914155065,24549
2022,화성시,30,여,2349937,62622849325,19703,1000070196,26649
2022,화성시,40,남,2880040,92228744502,20244,1281509682,32023
2022,화성시,40,여,3434134,1.00E+11,26373,1372962396,29238
2022,화성시,50,남,1218332,29144145498,8176,439844074,23921
2022,화성시,50,여,1004718,22455698208,7940,301906503,22350
2022,화성시,60,남,374633,7733099425,2865,141309526,20642
2022,화성시,60,여,342850,8181872483,3225,134387740,23864
2022,화성시,70,남,81970,1890619033,680,37519640,23065
2022,화성시,70,여,76979,1898201746,741,25674342,24659
2022,화성시,80,남,12699,271757178,121,4768879,21400
2022,화성시,80,여,11250,271062155,99,4658417,24094
2022,화성시,기타,-,16027,462638960,253,15111369,28866
2022,화성시,전체 (기타포함),전체,15682281,4.16E+11,122292,6387112539,26554
2021,과천시,10,남,27796,658285251,191,9227596,23683
2021,과천시,10,여,25118,575219541,187,7065360,22901
2021,과천시,20,남,121184,1999126503,953,42148133,16497
2021,과천시,20,여,115843,2157410384,1023,38344679,18624
2021,과천시,30,남,137209,2797145532,1487,102382640,20386
2021,과천시,30,여,195432,4260758776,1928,91731063,21802
2021,과천시,40,남,213371,5484405434,1991,113204283,25704
2021,과천시,40,여,318752,7807448665,2811,124135086,24494
2021,과천시,50,남,163884,3672607003,1661,75866072,22410
2021,과천시,50,여,234044,5070268245,2473,93578437,21664
2021,과천시,60,남,86227,1655301834,857,39144266,19197
2021,과천시,60,여,100652,2142234642,1369,53376643,21284
2021,과천시,70,남,18981,369274296,193,7250784,19455
2021,과천시,70,여,26301,554588235,339,1106214,21086
2021,과천시,80,남,5033,109870055,78,2814592,21830
2021,과천시,80,여,7148,136961499,75,1804249,19161
2021,과천시,기타,남,1005,23365283,16,828136,23249
2021,과천시,기타,여,161393,3749229390,1917,72067724,23230
2021,광명시,10,남,87776,1466838268,417,17018774,16711
2021,광명시,10,여,80636,1453192003,524,18150321,18022
2021,광명시,20,남,376022,5636994428,2165,79196776,14991
2021,광명시,20,여,371855,6500336934,2639,82633241,17481
2021,광명시,30,남,384187,8824504695,3358,214303215,22969
2021,광명시,30,여,616756,15109680695,4948,245030104,24499
2021,광명시,40,남,778649,23097713328,5927,377675016,29664
2021,광명시,40,여,1168411,32467097786,8655,451339993,27787
2021,광명시,50,남,416411,9260819353,2692,134993480,22240
2021,광명시,50,여,497970,9632761393,3588,123540275,19344
2021,광명시,60,남,164158,2877758280,1115,42398506,17530
2021,광명시,60,여,242341,4284725848,1755,60247917,17681
2021,광명시,70,남,45824,745217480,288,7732850,16263
2021,광명시,70,여,55113,961319433,400,11578153,17443
2021,광명시,80,남,6317,115000178,46,911057,18205
2021,광명시,80,여,8869,174880736,83,3682310,19718
2021,광명시,기타,기타,5712,100941802,40,1168312,17672
2021,광명시,기타,기타,912203,16971927041,6819,183748194,18605
2021,광주시,10,남,105835,1669945087,584,23003222,15779
2021,광주시,10,여,104301,1886092961,754,24227412,18083
2021,광주시,20,남,606597,10976497732,5186,268638042,18095
2021,광주시,20,여,567251,11307969777,5110,215861791,19935
2021,광주시,30,남,929202,20295389912,9100,547186591,21842
2021,광주시,30,여,1182549,26601934419,10698,505776900,22495
2021,광주시,40,남,1443459,35175442499,13235,725728706,24369
2021,광주시,40,여,1707811,40402016347,14637,625357859,23657
2021,광주시,50,남,933387,21542284905,8639,503489240,23080
2021,광주시,50,여,998715,23131674511,9459,421862424,23161
2021,광주시,60,남,491087,11502782510,5576,328487012,23423
2021,광주시,60,여,532762,12314403383,5643,249246435,23114
2021,광주시,70,남,138036,3196611893,1674,99778765,23158
2021,광주시,70,여,147923,3293450351,1550,58547356,22265
2021,광주시,80,남,22287,502147566,233,9994461,22531
2021,광주시,80,여,23086,528156296,220,8865180,22878
2021,광주시,기타,-,20651,413750601,135,5036444,20035
2021,광주시,기타,-,1310909,31665419871,11970,470522609,24155
2021,구리시,10,남,40592,584399052,211,7834375,14397
2021,구리시,10,여,38015,608970775,266,8952617,16019
2021,구리시,20,남,288564,4136220781,1593,38752476,14334
2021,구리시,20,여,264769,4839329287,2072,57664222,18278
2021,구리시,30,남,249358,5485672139,1692,74105910,21999
2021,구리시,30,여,400275,10046535732,3179,156859633,25099
2021,구리시,40,남,474044,13710747295,3207,156355533,28923
2021,구리시,40,여,762175,22759645728,6119,303703244,29861
2021,구리시,50,남,298537,6863095637,1914,64967969,22989
2021,구리시,50,여,357095,7724080224,2748,84755749,21630
2021,구리시,60,남,126517,2313061196,963,24098720,18283
2021,구리시,60,여,137790,2834457970,1233,34229884,20571
2021,구리시,70,남,32963,597974327,241,8721008,18141
2021,구리시,70,여,43746,898915545,471,14213324,20549
2021,구리시,80,남,7152,122428208,58,1095800,17118
2021,구리시,80,여,7635,153392134,55,1437212,20091
2021,구리시,기타,-,491908,10065025606,4113,109231683,38674
2021,김포시,10,남,64685,2260201098,,,
2021,김포시,10,여,83077,2857274198,,,
2021,김포시,20,남,442989,8788841066,,,
2021,김포시,20,여,552128,12260561988,,,
2021,김포시,30,남,865624,24839979088,,,
2021,김포시,30,여,1661505,48675430120,,,
2021,김포시,40,남,1547371,57798822655,,,
2021,김포시,40,여,2759899,91796518383,,,
2021,김포시,50,남,730793,22447057222,,,
2021,김포시,50,여,1008919,27714174329,,,
2021,김포시,60,남,264990,6722714044,,,
2021,김포시,60,여,346867,9927730713,,,
2021,김포시,70,남,58773,1632365516,,,
2021,김포시,70,여,64290,1986045884,,,
2021,김포시,80,남,7107,212136579,,,
2021,김포시,80,여,7564,250394001,,,
2021,김포시,90,남,132,2019260,,,
2021,김포시,90,여,686,14782350,,,
2021,김포시,미분류,미분류,28300,840932720,,,
2021,동두천시,10,남,8182,157977624,62,1846539,19308
2021,동두천시,10,여,10780,176042301,89,1697155,16330
2021,동두천시,20,남,99702,1819379133,773,34627717,18248
2021,동두천시,20,여,96390,1930782809,738,25655314,20031
2021,동두천시,30,남,104535,2188728630,901,48696616,20938
2021,동두천시,30,여,137758,3145015322,1229,51171031,22830
2021,동두천시,40,남,173054,4104982344,1196,57180189,23721
2021,동두천시,40,여,201907,4856498266,1668,57111928,24053
2021,동두천시,50,남,150952,3136122105,1111,50964217,20776
2021,동두천시,50,여,130185,2840004436,959,35557486,21815
2021,동두천시,60,남,68235,1394673176,525,27106198,20439
2021,동두천시,60,여,58556,1326306145,493,18814219,22650
2021,동두천시,70,남,21462,439427504,195,10054895,20475
2021,동두천시,70,여,21384,461018375,172,4454286,21559
2021,동두천시,80,남,2977,59876088,19,531455,20113
2021,동두천시,80,여,5473,120837583,56,1688050,22079
2021,동두천시,기타,-,2195,47333543,9,181750,21564
2021,동두천시,기타,-,271558,6032641834,2180,65243436,22215
2021,동두천시,전체 (기타포함),전체,1565285,34237647218,12375,492582481,21873
2021,부천시,10,남,180730,2864841040,,,
2021,부천시,10,여,184550,3181212626,,,
2021,부천시,20,남,1455593,19557849993,,,
2021,부천시,20,여,1446356,22246880179,,,
2021,부천시,30,남,1448879,25198151593,,,
2021,부천시,30,여,1813582,34373321794,,,
2021,부천시,40,남,1962854,42892680597,,,
2021,부천시,40,여,2737440,57879707842,,,
2021,부천시,50,남,1408377,24336441294,,,
2021,부천시,50,여,2034938,32837773618,,,
2021,부천시,60,남,730444,11366922477,,,
2021,부천시,60,여,1057327,16659437991,,,
2021,부천시,70,남,170212,2687957665,,,
2021,부천시,70,여,230123,3700428164,,,
2021,부천시,80,남,21781,372462813,,,
2021,부천시,80,여,38939,663822598,,,
2021,성남시,10,남,55987,2573009776,272,20019461,45957
2021,성남시,10,여,66518,2692698418,270,20864602,40481
2021,성남시,20,남,240205,5982047265,1351,50312060,24904
2021,성남시,20,여,400748,10370574723,1791,91585174,25878
2021,성남시,30,남,443965,17881075843,1688,178372433,40276
2021,성남시,30,여,898805,37496593639,3594,381863432,41718
2021,성남시,40,남,685996,33181446012,2236,242865976,48370
2021,성남시,40,여,1837878,79768076666,6466,548446679,43402
2021,성남시,50,남,369504,14673071562,1133,98986463,39710
2021,성남시,50,여,813611,24881410974,2670,147679044,30581
2021,성남시,60,남,117022,3752283564,274,24138809,32065
2021,성남시,60,여,226376,7201090025,705,59805208,31810
2021,성남시,70,남,24398,1137853821,111,9514612,46637
2021,성남시,70,여,32980,1574197979,168,12795064,47732
2021,성남시,80이상,남,3236,234092315,12,1136370,72340
2021,성남시,80이상,여,5684,287787718,39,2898550,50631
2021,수원시,10,남,237234,4126520793,1220,47133971,17394
2021,수원시,10,여,246666,4555678777,1774,68928051,18469
2021,수원시,20,남,2109942,30971393247,15461,566782521,14679
2021,수원시,20,여,1903638,32582136492,16917,514093126,17116
2021,수원시,30,남,1982403,39383381686,18498,972654817,19866
2021,수원시,30,여,2269573,50517744677,20141,889895109,22259
2021,수원시,40,남,2711730,66258918615,20465,1045895038,24434
2021,수원시,40,여,3408295,79637151899,26244,1021183767,23366
2021,수원시,50,남,1759102,33299007795,12114,520312439,18930
2021,수원시,50,여,1820199,33152377944,13468,424750073,18214
2021,수원시,60,남,626166,11053403822,4776,198224180,17653
2021,수원시,60,여,671294,12215466532,5426,169956480,18197
2021,수원시,70,남,140425,2514578195,1148,43156888,17907
2021,수원시,70,여,171626,3173764452,1461,37587647,18492
2021,수원시,80,남,24079,431251139,193,3642753,17910
2021,수원시,80,여,33595,651111192,327,8829772,19381
2021,수원시,기타,-,1376196,25034069286,10993,278050538,18191
2021,수원시,기타,-,19194,339816070,147,4987796,17704
2021,시흥시,10,남,112207,4731857675,298,25903547,42171
2021,시흥시,10,여,131567,5366792378,381,31308650,40791
2021,시흥시,10대미만,남,5338,303753061,28,2852451,56904
2021,시흥시,10대미만,여,5120,312423710,15,1808900,61020
2021,시흥시,20,남,356319,8961857647,2086,74021573,25151
2021,시흥시,20,여,503953,12818654759,2197,94306060,25436
2021,시흥시,30,남,551580,16277104696,1701,105476118,29510
2021,시흥시,30,여,1383313,39581319583,4304,266308045,28613
2021,시흥시,40,남,867381,33768046434,2233,170165878,38931
2021,시흥시,40,여,2035458,72388717248,5693,387367434,35564
2021,시흥시,50,남,451576,15145230141,885,55790417,33539
2021,시흥시,50,여,1047202,28959941208,2670,148010590,27655
2021,시흥시,60,남,173850,4978831925,378,25018158,28639
2021,시흥시,60,여,287001,7689027995,985,57477478,26791
2021,시흥시,70,남,26655,818863007,91,5492714,30721
2021,시흥시,70,여,30852,969599100,142,9933925,31427
2021,시흥시,80대이상,남,4820,152247248,14,674520,31587
2021,시흥시,80대이상,여,5058,183662755,12,1103524,36311
2021,안산시,10,남,171995,3289531150,,,
2021,안산시,10,여,190695,3820314187,,,
2021,안산시,20,남,1435740,22460776147,,,
2021,안산시,20,여,1360547,25046202564,,,
2021,안산시,30,남,1302725,25433030723,,,
2021,안산시,30,여,1535735,32836000858,,,
2021,안산시,40,남,1880514,43506993865,,,
2021,안산시,40,여,2548349,56473801808,,,
2021,안산시,50,남,1668022,33636896705,,,
2021,안산시,50,여,2113425,42991136087,,,
2021,안산시,60,남,732123,14324615097,,,
2021,안산시,60,여,819034,16706881732,,,
2021,안산시,70,남,153119,2918872668,,,
2021,안산시,70,여,193882,3749810122,,,
2021,안산시,80,남,27073,527622738,,,
2021,안산시,80,여,40410,792230323,,,
2021,안산시,기타,-,19668,337894949,,,
2021,안성시,10,남,47350,680812433,279,7251577,14378
2021,안성시,10,여,43640,748197918,323,8576751,17145
2021,안성시,20,남,369476,6332956630,3165,146582820,17140
2021,안성시,20,여,323436,6159945975,3220,113054552,19045
2021,안성시,30,남,437258,9295376570,4424,251723475,21258
2021,안성시,30,여,476431,10889238293,4665,195932610,22856
2021,안성시,40,남,665083,16755654633,5511,311491315,25193
2021,안성시,40,여,734164,18461326916,6728,281998854,25146
2021,안성시,50,남,460384,10807368790,4224,235845024,23475
2021,안성시,50,여,413150,9971020011,4094,162105266,24134
2021,안성시,60,남,204736,5100969876,2172,133551921,24915
2021,안성시,60,여,189152,4744498706,2002,84107918,25083
2021,안성시,70,남,51149,1358669415,603,37631109,26563
2021,안성시,70,여,45465,1174178293,461,17034895,25826
2021,안성시,80,남,7606,188193493,78,3048480,24743
2021,안성시,80,여,10076,263524822,151,6471508,26154
2021,안성시,기타,-,6498,126447630,53,1969400,19459
2021,안성시,기타,-,958493,24493363279,8727,323864477,25554
2021,안양시,10,남,107041,2220876733,613,22140096,20748
2021,안양시,10,여,113421,2450066759,802,27144468,21602
2021,안양시,20,남,730540,11107977482,4280,111052389,15205
2021,안양시,20,여,751431,13167907183,5965,161275269,17524
2021,안양시,30,남,665349,13345851698,5014,191462446,20058
2021,안양시,30,여,877036,19566148645,7540,285070084,22309
2021,안양시,40,남,913488,22910288999,6218,247815185,25080
2021,안양시,40,여,1354927,32132688632,10244,370609348,23715
2021,안양시,50,남,606596,11988815948,3648,109895729,19764
2021,안양시,50,여,792248,14297840639,5835,157581106,18047
2021,안양시,60,남,264403,4535992360,1679,43763858,17156
2021,안양시,60,여,336373,6020258179,2515,68470252,17898
2021,안양시,70,남,55671,986020484,427,10086794,17712
2021,안양시,70,여,71462,1326809407,607,14962016,18567
2021,안양시,80대이상,남,8548,163459356,61,1305113,19123
2021,안양시,80대이상,여,15021,268374517,130,2420957,17867
2021,안양시,기타,-,1948806,36922937986,14653,396014342,18946
2021,안양시,기타,-,13124,264169321,83,4443260,20129
2021,안양시,전체 (기타포함),전체,9625485,1.94E+11,70314,2225512712,20121
2021,양주시,10,남,47143,666646768,224,5357190,14141
2021,양주시,10,여,44413,723171204,272,5663980,16283
2021,양주시,20,남,227125,3980156565,1587,53403493,17524
2021,양주시,20,여,226709,4413821996,2133,66758916,19469
2021,양주시,30,남,265595,5783078713,2101,70688943,21774
2021,양주시,30,여,343855,8243562625,3088,105904613,23974
2021,양주시,40,남,466386,11653473805,3191,131973624,24987
2021,양주시,40,여,595180,14933770016,4612,158912655,25091
2021,양주시,50,남,276351,5882258303,1716,57103688,21285
2021,양주시,50,여,241772,5335645006,1892,55508852,22069
2021,양주시,60,남,96062,2059168513,660,25415017,21436
2021,양주시,60,여,89988,2016986850,737,24093027,22414
2021,양주시,70,남,24505,519697994,191,6698639,21208
2021,양주시,70,여,24758,543142051,220,7302995,21938
2021,양주시,80,남,5078,93449681,28,418270,18403
2021,양주시,80,여,5171,117320550,54,3351340,22688
2021,양평군,10,남,40460,696374796,236,6387995,17211
2021,양평군,10,여,28738,584224526,211,7553754,20329
2021,양평군,20,남,157571,3208202789,1507,57022070,20360
2021,양평군,20,여,137608,3121947422,1471,46009959,22687
2021,양평군,30,남,213236,4889627686,2120,91126427,22931
2021,양평군,30,여,256950,5954649194,2780,98033382,23174
2021,양평군,40,남,397004,9712107371,3272,157509827,24464
2021,양평군,40,여,504886,11763338786,4463,149307158,23299
2021,양평군,50,남,367507,9086621510,2887,138577865,24725
2021,양평군,50,여,377849,9607825179,3536,147215083,25428
2021,양평군,60,남,258023,6969706625,2411,126338310,27012
2021,양평군,60,여,232997,6389985411,2599,115370884,27425
2021,양평군,70,남,76882,2034863933,886,38524139,26467
2021,양평군,70,여,60420,1583149876,668,29022302,26202
2021,양평군,80,남,9258,255219417,119,7772940,27567
2021,양평군,80,여,6952,202641312,61,1503500,29149
2021,여주시,10,남,17219,256442799,,,
2021,여주시,10,여,19336,346203654,,,
2021,여주시,20,남,118666,2363729085,,,
2021,여주시,20,여,112867,2385785658,,,
2021,여주시,30,남,148369,3320834033,,,
2021,여주시,30,여,188116,4572990945,,,
2021,여주시,40,남,263565,6851176157,,,
2021,여주시,40,여,330643,8568359892,,,
2021,여주시,50,남,221448,5541975119,,,
2021,여주시,50,여,189598,4941050741,,,
2021,여주시,60,남,92585,2517690389,,,
2021,여주시,60,여,82447,2296146090,,,
2021,여주시,70,남,27519,731643128,,,
2021,여주시,70,여,21189,586276200,,,
2021,여주시,80,남,3700,104604106,,,
2021,여주시,80,여,2946,86053243,,,
2021,연천군,10,남,5666,63410544,35,681088,11191
2021,연천군,10,여,5334,79231755,62,1308925,14854
2021,연천군,20,남,64247,1258656595,866,23438881,19591
2021,연천군,20,여,36785,724692089,505,12169273,19701
2021,연천군,30,남,69520,1402037743,692,18765565,20167
2021,연천군,30,여,57663,1290275544,820,20295556,22376
2021,연천군,40,남,87303,2021199509,640,19693725,23152
2021,연천군,40,여,79161,1872843551,759,19684178,23659
2021,연천군,50,남,66128,1513295686,461,13374722,22884
2021,연천군,50,여,46807,1071330551,433,10538082,22888
2021,연천군,60,남,28251,705630867,201,5091494,24977
2021,연천군,60,여,19311,502950342,193,4498801,26045
2021,연천군,70,남,5074,107784306,33,771380,21242
2021,연천군,70,여,5206,110580191,51,1711676,21241
2021,연천군,80,남,500,13582215,5,240800,27164
2021,연천군,80,여,562,11506780,11,128130,20475
2021,용인시,10,남,221640,4059860019,1377,54692155,18317
2021,용인시,10,여,226799,4373592828,1723,71620242,19284
2021,용인시,20,남,1243589,19917556091,9953,435157770,16016
2021,용인시,20,여,1236599,22378978866,11673,412929045,18097
2021,용인시,30,남,1282992,30324303208,15057,938502899,23636
2021,용인시,30,여,1812773,45788109805,19368,960567427,25259
2021,용인시,40,남,2289325,65617899734,22325,1379501007,28663
2021,용인시,40,여,3204760,84286220668,30178,1344414397,26300
2021,용인시,50,남,1189941,26180345619,10631,598679586,22001
2021,용인시,50,여,1119874,23530892825,10156,419393261,21012
2021,용인시,60,남,381127,7773755205,4098,242046637,20397
2021,용인시,60,여,367288,8127325296,3916,176643067,22128
2021,용인시,70,남,127472,2615799237,1383,70395670,20521
2021,용인시,70,여,138407,2953079398,1385,53856926,21336
2021,용인시,80,남,27932,539097863,252,9323055,19300
2021,용인시,80,여,30559,636394357,295,10139562,20825
2021,용인시,기타,-,14212,311543518,125,4850115,21921
2021,용인시,기타,-,2115928,48132096288,20841,795812400,22748
2021,의왕시,10,남,29833,499552423,165,4781400,16745
2021,의왕시,10,여,31617,481814342,249,5013641,15239
2021,의왕시,20,남,222424,3495783257,1726,70286953,15717
2021,의왕시,20,여,222547,3848170195,1841,67175345,17291
2021,의왕시,30,남,196763,4155205852,1988,129825843,21118
2021,의왕시,30,여,276734,6218013409,2410,112566949,22469
2021,의왕시,40,남,279416,6829619013,2418,140717265,24442
2021,의왕시,40,여,414225,9341539331,3254,126916113,22552
2021,의왕시,50,남,194624,3991365176,1677,86246642,20508
2021,의왕시,50,여,278017,5361400158,2459,84676309,19284
2021,의왕시,60,남,105873,2074282931,1112,63025804,19592
2021,의왕시,60,여,131398,2540382647,1399,49878308,19333
2021,의왕시,70,남,24151,451517800,267,10595303,18696
2021,의왕시,70,여,34042,619275802,348,9282273,18192
2021,의왕시,80,남,5225,89148370,39,1466170,17062
2021,의왕시,80,여,7084,126589806,49,1101530,17870
2021,의왕시,기타,-,2341,47938455,21,537150,20478
2021,의왕시,기타,-,405571,8259343000,3643,119482020,20365
2021,의왕시,전체 (기타포함),전체,2861885,58430941967,25065,1083575018,20417
2021,의정부시,10,남,73079,1187984715,366,11357549,16256
2021,의정부시,10,여,82515,1448983356,545,16360817,17560
2021,의정부시,20,남,571093,8797890390,3493,116200600,15405
2021,의정부시,20,여,571238,10190065977,4314,128039410,17839
2021,의정부시,30,남,454028,9202061301,3529,173418512,20268
2021,의정부시,30,여,631353,14108142751,5247,194711010,22346
2021,의정부시,40,남,770698,18100088578,5248,226612603,23485
2021,의정부시,40,여,1032794,23953878322,7789,277952437,23193
2021,의정부시,50,남,573999,10820767501,3614,130752723,18852
2021,의정부시,50,여,654225,12196929734,4748,146848438,18643
2021,의정부시,60,남,245318,4234100526,1594,54866622,17260
2021,의정부시,60,여,284139,5086200499,2210,67923367,17900
2021,의정부시,70,남,70326,1192921645,455,11335146,16963
2021,의정부시,70,여,87075,1536647985,620,17548858,17647
2021,의정부시,80,남,13640,248106888,110,3627400,18190
2021,의정부시,80,여,18414,339029122,154,3333242,18411
2021,의정부시,기타,-,6017,111060631,38,2243660,18458
2021,의정부시,기타,-,1471524,28987110244,11718,347207251,19699
2021,이천시,10,남,44730,668648865,,,
2021,이천시,10,여,40798,809061909,,,
2021,이천시,20,남,351492,7063027739,,,
2021,이천시,20,여,307510,7113779993,,,
2021,이천시,30,남,432786,11036308769,,,
2021,이천시,30,여,473435,13419298135,,,
2021,이천시,40,남,569832,16940601713,,,
2021,이천시,40,여,662014,20133558209,,,
2021,이천시,50,남,365508,9100433229,,,
2021,이천시,50,여,314476,8011602076,,,
2021,이천시,60,남,125754,2999784492,,,
2021,이천시,60,여,108079,2784813526,,,
2021,이천시,70,남,20485,524089261,,,
2021,이천시,70,여,19215,500122076,,,
2021,이천시,80,남,3002,74525720,,,
2021,이천시,80,여,4496,115472197,,,
2021,파주시,10,남,93595,1566461606,536,16675604,16737
2021,파주시,10,여,93278,1788099373,708,21755663,19170
2021,파주시,10대 미만,남,0,0,,,
2021,파주시,10대 미만,여,0,0,,,
2021,파주시,20,남,546420,9389703199,4456,167076392,17184
2021,파주시,20,여,541277,10707873770,5208,164377265,19783
2021,파주시,30,남,750561,18426460029,7146,359541403,24550
2021,파주시,30,여,961969,24641144709,9806,417914711,25615
2021,파주시,40,남,1101457,29289841004,9150,444555457,26592
2021,파주시,40,여,1362541,35239075312,12187,496621165,25863
2021,파주시,50,남,615575,13003767268,4312,162142833,21125
2021,파주시,50,여,541146,11417254511,4506,144841818,21098
2021,파주시,60,남,198840,4023285333,1599,61419546,20234
2021,파주시,60,여,169688,3763812860,1574,53723760,22181
2021,파주시,70,남,44404,914736311,353,11872194,20600
2021,파주시,70,여,52517,1113718510,482,12924803,21207
2021,파주시,80세 이상,남,11464,220532355,86,2976191,19237
2021,파주시,80세 이상,여,15222,311283328,151,5206948,20450
2021,평택시,10,남,97601,1639084452,,,
2021,평택시,10,여,87440,1618024635,,,
2021,평택시,20,남,643836,11585293718,,,
2021,평택시,20,여,613548,12578386780,,,
2021,평택시,30,남,862456,18969669327,,,
2021,평택시,30,여,1015017,23332670961,,,
2021,평택시,40,남,1187292,29976510249,,,
2021,평택시,40,여,1336334,32416948203,,,
2021,평택시,50,남,698173,15452816000,,,
2021,평택시,50,여,665418,14769006288,,,
2021,평택시,60,남,225713,5112882090,,,
2021,평택시,60,여,239190,5508867345,,,
2021,평택시,70,남,50749,1141875354,,,
2021,평택시,70,여,56003,1280251491,,,
2021,평택시,80이상,남,5820,130643807,,,
2021,평택시,80이상,여,11726,271624812,,,
2021,포천시,10,남,18717,297892953,130,4573618,15916
2021,포천시,10,여,17669,319953155,140,3483595,18108
2021,포천시,20,남,230886,4715086130,1974,103802685,20422
2021,포천시,20,여,161700,3716167475,1734,72719406,22982
2021,포천시,30,남,209534,4974418879,1930,112104040,23740
2021,포천시,30,여,191951,4987036836,2013,86575276,25981
2021,포천시,40,남,264192,6917637578,2160,105897746,26184
2021,포천시,40,여,300238,7932121857,2713,107228474,26419
2021,포천시,50,남,239784,5926056255,2007,105049387,24714
2021,포천시,50,여,207553,5420765113,1874,93274719,26117
2021,포천시,60,남,102332,2697536258,992,55332518,26361
2021,포천시,60,여,81540,2280053245,861,41908298,27962
2021,포천시,70,남,20319,576171705,213,11880786,28356
2021,포천시,70,여,18292,516186866,177,8015967,28219
2021,포천시,80,남,3559,103899251,35,1431455,29193
2021,포천시,80,여,6012,179895104,45,2253180,29923
2021,포천시,전체 (기타포함),전체,2913086,77826672923,26366,1287927653,26716
2021,하남시,10,남,77395,1696163806,,,
2021,하남시,10,여,79138,1933171555,,,
2021,하남시,20,남,414993,7203800439,,,
2021,하남시,20,여,470012,9176721642,,,
2021,하남시,30,남,790448,19756449564,,,
2021,하남시,30,여,1126682,28710251438,,,
2021,하남시,40,남,1173386,34550117925,,,
2021,하남시,40,여,1476992,40195755563,,,
2021,하남시,50,남,530351,13272831107,,,
2021,하남시,50,여,633034,14680031161,,,
2021,하남시,60,남,342357,7874236390,,,
2021,하남시,60,여,426161,9714383189,,,
2021,하남시,70,남,117049,2572838899,,,
2021,하남시,70,여,126994,2724360629,,,
2021,하남시,80,남,15728,327474769,,,
2021,하남시,80,여,21574,435151995,,,
2021,하남시,기타,-,588580,12968430885,,,
2021,하남시,기타,-,6403,145250052,,,
2021,하남시,전체 (기타포함),전체,8417277,2.08E+11,,,
2021,화성시,10,남,255167,5795592817,1501,65973038,22713
2021,화성시,10,여,243679,6085305172,1850,88630054,24973
2021,화성시,20,남,1224387,20715999419,9333,345949309,16919
2021,화성시,20,여,1125048,21718978219,10436,330584168,19305
2021,화성시,30,남,2169073,48217580543,18734,866802167,22230
2021,화성시,30,여,2716835,65032354698,26014,1063044135,23937
2021,화성시,40,남,3119355,84808194723,23862,1145878143,27188
2021,화성시,40,여,3472658,88644315881,30127,1215437194,25526
2021,화성시,50,남,1322681,28902971561,9363,377339775,21852
2021,화성시,50,여,1116416,23546798507,9656,338088548,21091
2021,화성시,60,남,410033,8296674651,3407,130012462,20234
2021,화성시,60,여,392006,8729262930,3950,140353508,22268
2021,화성시,70,남,93924,2016728621,878,36744696,21472
2021,화성시,70,여,94936,2113136980,948,31082093,22259
2021,화성시,80,남,14820,296063119,128,3424209,19977
2021,화성시,80,여,19625,441991314,191,6208072,22522
2021,화성시,기타,-,1245634,29800946270,11553,415381458,23924
